seed,governance,evaluator,exploit_adoption_rate,unique_exploit_users,attempted_shortcuts,blocked_shortcuts,exploited_submissions,accepted,legitimate,exposures,exposure_rate,exploit_success_rate,legitimate_acceptance_rate,discovery_round,detection_round,detection_latency,whistleblowers,alerts,false_accusations,false_positive_rate,quarantines,containment_rate,recoveries,availability_loss,availability_loss_rate,communication
0,baseline,vulnerable,1.0,12,78,0,78,144,66,128,0.8888888888888888,1.0,0.4583333333333333,1,,,0,0,0,0.0,0,0.0,0,0,0.0,1
1,baseline,vulnerable,1.0,12,83,0,83,144,61,132,0.9166666666666666,1.0,0.4236111111111111,0,,,0,0,0,0.0,0,0.0,0,0,0.0,1
2,baseline,vulnerable,1.0,12,86,0,86,144,58,122,0.8472222222222222,1.0,0.4027777777777778,1,,,0,0,0,0.0,0,0.0,0,0,0.0,1
3,baseline,vulnerable,1.0,12,84,0,84,144,60,138,0.9583333333333334,1.0,0.4166666666666667,0,,,0,0,0,0.0,0,0.0,0,0,0.0,1
4,baseline,vulnerable,1.0,12,70,0,70,144,74,129,0.8958333333333334,1.0,0.5138888888888888,1,,,0,0,0,0.0,0,0.0,0,0,0.0,1
5,baseline,vulnerable,1.0,12,62,0,62,144,82,141,0.9791666666666666,1.0,0.5694444444444444,0,,,0,0,0,0.0,0,0.0,0,0,0.0,1
6,baseline,vulnerable,1.0,12,80,0,80,144,64,142,0.9861111111111112,1.0,0.4444444444444444,0,,,0,0,0,0.0,0,0.0,0,0,0.0,1
7,baseline,vulnerable,1.0,12,64,0,64,144,80,133,0.9236111111111112,1.0,0.5555555555555556,0,,,0,0,0,0.0,0,0.0,0,0,0.0,1
8,baseline,vulnerable,1.0,12,81,0,81,144,63,139,0.9652777777777778,1.0,0.4375,0,,,0,0,0,0.0,0,0.0,0,0,0.0,1
9,baseline,vulnerable,0.9166666666666666,11,66,0,66,144,78,139,0.9652777777777778,1.0,0.5416666666666666,0,,,0,0,0,0.0,0,0.0,0,0,0.0,1
10,baseline,vulnerable,0.9166666666666666,11,77,0,77,144,67,138,0.9583333333333334,1.0,0.4652777777777778,0,,,0,0,0,0.0,0,0.0,0,0,0.0,1
11,baseline,vulnerable,1.0,12,60,0,60,144,84,143,0.9930555555555556,1.0,0.5833333333333334,0,,,0,0,0,0.0,0,0.0,0,0,0.0,1
12,baseline,vulnerable,1.0,12,71,0,71,144,73,143,0.9930555555555556,1.0,0.5069444444444444,0,,,0,0,0,0.0,0,0.0,0,0,0.0,1
13,baseline,vulnerable,1.0,12,71,0,71,144,73,139,0.9652777777777778,1.0,0.5069444444444444,0,,,0,0,0,0.0,0,0.0,0,0,0.0,1
14,baseline,vulnerable,1.0,12,71,0,71,144,73,135,0.9375,1.0,0.5069444444444444,0,,,0,0,0,0.0,0,0.0,0,0,0.0,1
15,baseline,vulnerable,1.0,12,69,0,69,144,75,140,0.9722222222222222,1.0,0.5208333333333334,0,,,0,0,0,0.0,0,0.0,0,0,0.0,1
16,baseline,vulnerable,1.0,12,82,0,82,144,62,134,0.9305555555555556,1.0,0.4305555555555556,0,,,0,0,0,0.0,0,0.0,0,0,0.0,1
17,baseline,vulnerable,1.0,12,91,0,91,144,53,137,0.9513888888888888,1.0,0.3680555555555556,0,,,0,0,0,0.0,0,0.0,0,0,0.0,1
18,baseline,vulnerable,1.0,12,55,0,55,144,89,116,0.8055555555555556,1.0,0.6180555555555556,2,,,0,0,0,0.0,0,0.0,0,0,0.0,1
19,baseline,vulnerable,1.0,12,84,0,84,144,60,137,0.9513888888888888,1.0,0.4166666666666667,0,,,0,0,0,0.0,0,0.0,0,0,0.0,1
20,baseline,vulnerable,1.0,12,91,0,91,144,53,138,0.9583333333333334,1.0,0.3680555555555556,0,,,0,0,0,0.0,0,0.0,0,0,0.0,1
21,baseline,vulnerable,1.0,12,83,0,83,144,61,143,0.9930555555555556,1.0,0.4236111111111111,0,,,0,0,0,0.0,0,0.0,0,0,0.0,1
22,baseline,vulnerable,1.0,12,79,0,79,144,65,128,0.8888888888888888,1.0,0.4513888888888889,1,,,0,0,0,0.0,0,0.0,0,0,0.0,1
23,baseline,vulnerable,1.0,12,75,0,75,144,69,135,0.9375,1.0,0.4791666666666667,0,,,0,0,0,0.0,0,0.0,0,0,0.0,1
24,baseline,vulnerable,1.0,12,73,0,73,144,71,130,0.9027777777777778,1.0,0.4930555555555556,1,,,0,0,0,0.0,0,0.0,0,0,0.0,1
25,baseline,vulnerable,1.0,12,71,0,71,144,73,143,0.9930555555555556,1.0,0.5069444444444444,0,,,0,0,0,0.0,0,0.0,0,0,0.0,1
26,baseline,vulnerable,1.0,12,77,0,77,144,67,141,0.9791666666666666,1.0,0.4652777777777778,0,,,0,0,0,0.0,0,0.0,0,0,0.0,1
27,baseline,vulnerable,1.0,12,77,0,77,144,67,142,0.9861111111111112,1.0,0.4652777777777778,0,,,0,0,0,0.0,0,0.0,0,0,0.0,1
28,baseline,vulnerable,1.0,12,72,0,72,144,72,130,0.9027777777777778,1.0,0.5,1,,,0,0,0,0.0,0,0.0,0,0,0.0,1
29,baseline,vulnerable,1.0,12,81,0,81,144,63,143,0.9930555555555556,1.0,0.4375,0,,,0,0,0,0.0,0,0.0,0,0,0.0,1
30,baseline,vulnerable,1.0,12,71,0,71,144,73,117,0.8125,1.0,0.5069444444444444,2,,,0,0,0,0.0,0,0.0,0,0,0.0,1
31,baseline,vulnerable,1.0,12,64,0,64,144,80,113,0.7847222222222222,1.0,0.5555555555555556,2,,,0,0,0,0.0,0,0.0,0,0,0.0,1
32,baseline,vulnerable,1.0,12,65,0,65,144,79,143,0.9930555555555556,1.0,0.5486111111111112,0,,,0,0,0,0.0,0,0.0,0,0,0.0,1
33,baseline,vulnerable,1.0,12,81,0,81,144,63,140,0.9722222222222222,1.0,0.4375,0,,,0,0,0,0.0,0,0.0,0,0,0.0,1
34,baseline,vulnerable,1.0,12,68,0,68,144,76,133,0.9236111111111112,1.0,0.5277777777777778,0,,,0,0,0,0.0,0,0.0,0,0,0.0,1
35,baseline,vulnerable,1.0,12,93,0,93,144,51,143,0.9930555555555556,1.0,0.3541666666666667,0,,,0,0,0,0.0,0,0.0,0,0,0.0,1
36,baseline,vulnerable,1.0,12,75,0,75,144,69,129,0.8958333333333334,1.0,0.4791666666666667,1,,,0,0,0,0.0,0,0.0,0,0,0.0,1
37,baseline,vulnerable,1.0,12,81,0,81,144,63,141,0.9791666666666666,1.0,0.4375,0,,,0,0,0,0.0,0,0.0,0,0,0.0,1
38,baseline,vulnerable,1.0,12,85,0,85,144,59,133,0.9236111111111112,1.0,0.4097222222222222,0,,,0,0,0,0.0,0,0.0,0,0,0.0,1
39,baseline,vulnerable,1.0,12,84,0,84,144,60,132,0.9166666666666666,1.0,0.4166666666666667,0,,,0,0,0,0.0,0,0.0,0,0,0.0,1
40,baseline,vulnerable,1.0,12,89,0,89,144,55,136,0.9444444444444444,1.0,0.3819444444444444,0,,,0,0,0,0.0,0,0.0,0,0,0.0,1
41,baseline,vulnerable,1.0,12,74,0,74,144,70,143,0.9930555555555556,1.0,0.4861111111111111,0,,,0,0,0,0.0,0,0.0,0,0,0.0,1
42,baseline,vulnerable,1.0,12,67,0,67,144,77,136,0.9444444444444444,1.0,0.5347222222222222,0,,,0,0,0,0.0,0,0.0,0,0,0.0,1
43,baseline,vulnerable,1.0,12,77,0,77,144,67,142,0.9861111111111112,1.0,0.4652777777777778,0,,,0,0,0,0.0,0,0.0,0,0,0.0,1
44,baseline,vulnerable,1.0,12,63,0,63,144,81,136,0.9444444444444444,1.0,0.5625,0,,,0,0,0,0.0,0,0.0,0,0,0.0,1
45,baseline,vulnerable,1.0,12,80,0,80,144,64,139,0.9652777777777778,1.0,0.4444444444444444,0,,,0,0,0,0.0,0,0.0,0,0,0.0,1
46,baseline,vulnerable,1.0,12,73,0,73,144,71,138,0.9583333333333334,1.0,0.4930555555555556,0,,,0,0,0,0.0,0,0.0,0,0,0.0,1
47,baseline,vulnerable,1.0,12,71,0,71,144,73,135,0.9375,1.0,0.5069444444444444,0,,,0,0,0,0.0,0,0.0,0,0,0.0,1
48,baseline,vulnerable,1.0,12,63,0,63,144,81,122,0.8472222222222222,1.0,0.5625,1,,,0,0,0,0.0,0,0.0,0,0,0.0,1
49,baseline,vulnerable,1.0,12,48,0,48,144,96,106,0.7361111111111112,1.0,0.6666666666666666,3,,,0,0,0,0.0,0,0.0,0,0,0.0,1
50,baseline,vulnerable,1.0,12,89,0,89,144,55,133,0.9236111111111112,1.0,0.3819444444444444,0,,,0,0,0,0.0,0,0.0,0,0,0.0,1
51,baseline,vulnerable,1.0,12,91,0,91,144,53,135,0.9375,1.0,0.3680555555555556,0,,,0,0,0,0.0,0,0.0,0,0,0.0,1
52,baseline,vulnerable,0.8333333333333334,10,56,0,56,144,88,133,0.9236111111111112,1.0,0.6111111111111112,0,,,0,0,0,0.0,0,0.0,0,0,0.0,1
53,baseline,vulnerable,1.0,12,70,0,70,144,74,119,0.8263888888888888,1.0,0.5138888888888888,2,,,0,0,0,0.0,0,0.0,0,0,0.0,1
54,baseline,vulnerable,1.0,12,71,0,71,144,73,108,0.75,1.0,0.5069444444444444,2,,,0,0,0,0.0,0,0.0,0,0,0.0,1
55,baseline,vulnerable,1.0,12,66,0,66,144,78,126,0.875,1.0,0.5416666666666666,1,,,0,0,0,0.0,0,0.0,0,0,0.0,1
56,baseline,vulnerable,1.0,12,81,0,81,144,63,139,0.9652777777777778,1.0,0.4375,0,,,0,0,0,0.0,0,0.0,0,0,0.0,1
57,baseline,vulnerable,1.0,12,81,0,81,144,63,139,0.9652777777777778,1.0,0.4375,0,,,0,0,0,0.0,0,0.0,0,0,0.0,1
58,baseline,vulnerable,1.0,12,66,0,66,144,78,140,0.9722222222222222,1.0,0.5416666666666666,0,,,0,0,0,0.0,0,0.0,0,0,0.0,1
59,baseline,vulnerable,1.0,12,93,0,93,144,51,137,0.9513888888888888,1.0,0.3541666666666667,0,,,0,0,0,0.0,0,0.0,0,0,0.0,1
60,baseline,vulnerable,1.0,12,76,0,76,144,68,133,0.9236111111111112,1.0,0.4722222222222222,0,,,0,0,0,0.0,0,0.0,0,0,0.0,1
61,baseline,vulnerable,1.0,12,58,0,58,144,86,112,0.7777777777777778,1.0,0.5972222222222222,2,,,0,0,0,0.0,0,0.0,0,0,0.0,1
62,baseline,vulnerable,1.0,12,69,0,69,144,75,126,0.875,1.0,0.5208333333333334,1,,,0,0,0,0.0,0,0.0,0,0,0.0,1
63,baseline,vulnerable,1.0,12,89,0,89,144,55,135,0.9375,1.0,0.3819444444444444,0,,,0,0,0,0.0,0,0.0,0,0,0.0,1
64,baseline,vulnerable,0.9166666666666666,11,65,0,65,144,79,137,0.9513888888888888,1.0,0.5486111111111112,0,,,0,0,0,0.0,0,0.0,0,0,0.0,1
65,baseline,vulnerable,1.0,12,53,0,53,144,91,112,0.7777777777777778,1.0,0.6319444444444444,2,,,0,0,0,0.0,0,0.0,0,0,0.0,1
66,baseline,vulnerable,1.0,12,83,0,83,144,61,141,0.9791666666666666,1.0,0.4236111111111111,0,,,0,0,0,0.0,0,0.0,0,0,0.0,1
67,baseline,vulnerable,0.9166666666666666,11,63,0,63,144,81,126,0.875,1.0,0.5625,1,,,0,0,0,0.0,0,0.0,0,0,0.0,1
68,baseline,vulnerable,1.0,12,84,0,84,144,60,135,0.9375,1.0,0.4166666666666667,0,,,0,0,0,0.0,0,0.0,0,0,0.0,1
69,baseline,vulnerable,1.0,12,70,0,70,144,74,139,0.9652777777777778,1.0,0.5138888888888888,0,,,0,0,0,0.0,0,0.0,0,0,0.0,1
70,baseline,vulnerable,1.0,12,90,0,90,144,54,140,0.9722222222222222,1.0,0.375,0,,,0,0,0,0.0,0,0.0,0,0,0.0,1
71,baseline,vulnerable,1.0,12,51,0,51,144,93,115,0.7986111111111112,1.0,0.6458333333333334,2,,,0,0,0,0.0,0,0.0,0,0,0.0,1
72,baseline,vulnerable,1.0,12,71,0,71,144,73,137,0.9513888888888888,1.0,0.5069444444444444,0,,,0,0,0,0.0,0,0.0,0,0,0.0,1
73,baseline,vulnerable,1.0,12,74,0,74,144,70,130,0.9027777777777778,1.0,0.4861111111111111,1,,,0,0,0,0.0,0,0.0,0,0,0.0,1
74,baseline,vulnerable,1.0,12,83,0,83,144,61,136,0.9444444444444444,1.0,0.4236111111111111,0,,,0,0,0,0.0,0,0.0,0,0,0.0,1
75,baseline,vulnerable,1.0,12,72,0,72,144,72,132,0.9166666666666666,1.0,0.5,0,,,0,0,0,0.0,0,0.0,0,0,0.0,1
76,baseline,vulnerable,1.0,12,84,0,84,144,60,140,0.9722222222222222,1.0,0.4166666666666667,0,,,0,0,0,0.0,0,0.0,0,0,0.0,1
77,baseline,vulnerable,1.0,12,73,0,73,144,71,142,0.9861111111111112,1.0,0.4930555555555556,0,,,0,0,0,0.0,0,0.0,0,0,0.0,1
78,baseline,vulnerable,1.0,12,63,0,63,144,81,143,0.9930555555555556,1.0,0.5625,0,,,0,0,0,0.0,0,0.0,0,0,0.0,1
79,baseline,vulnerable,1.0,12,74,0,74,144,70,131,0.9097222222222222,1.0,0.4861111111111111,1,,,0,0,0,0.0,0,0.0,0,0,0.0,1
80,baseline,vulnerable,1.0,12,71,0,71,144,73,137,0.9513888888888888,1.0,0.5069444444444444,0,,,0,0,0,0.0,0,0.0,0,0,0.0,1
81,baseline,vulnerable,1.0,12,71,0,71,144,73,135,0.9375,1.0,0.5069444444444444,0,,,0,0,0,0.0,0,0.0,0,0,0.0,1
82,baseline,vulnerable,1.0,12,77,0,77,144,67,142,0.9861111111111112,1.0,0.4652777777777778,0,,,0,0,0,0.0,0,0.0,0,0,0.0,1
83,baseline,vulnerable,1.0,12,73,0,73,144,71,137,0.9513888888888888,1.0,0.4930555555555556,0,,,0,0,0,0.0,0,0.0,0,0,0.0,1
84,baseline,vulnerable,1.0,12,62,0,62,144,82,140,0.9722222222222222,1.0,0.5694444444444444,0,,,0,0,0,0.0,0,0.0,0,0,0.0,1
85,baseline,vulnerable,1.0,12,76,0,76,144,68,134,0.9305555555555556,1.0,0.4722222222222222,0,,,0,0,0,0.0,0,0.0,0,0,0.0,1
86,baseline,vulnerable,1.0,12,81,0,81,144,63,142,0.9861111111111112,1.0,0.4375,0,,,0,0,0,0.0,0,0.0,0,0,0.0,1
87,baseline,vulnerable,1.0,12,79,0,79,144,65,134,0.9305555555555556,1.0,0.4513888888888889,0,,,0,0,0,0.0,0,0.0,0,0,0.0,1
88,baseline,vulnerable,1.0,12,71,0,71,144,73,137,0.9513888888888888,1.0,0.5069444444444444,0,,,0,0,0,0.0,0,0.0,0,0,0.0,1
89,baseline,vulnerable,1.0,12,77,0,77,144,67,143,0.9930555555555556,1.0,0.4652777777777778,0,,,0,0,0,0.0,0,0.0,0,0,0.0,1
90,baseline,vulnerable,0.9166666666666666,11,76,0,76,144,68,142,0.9861111111111112,1.0,0.4722222222222222,0,,,0,0,0,0.0,0,0.0,0,0,0.0,1
91,baseline,vulnerable,1.0,12,72,0,72,144,72,132,0.9166666666666666,1.0,0.5,0,,,0,0,0,0.0,0,0.0,0,0,0.0,1
92,baseline,vulnerable,1.0,12,82,0,82,144,62,135,0.9375,1.0,0.4305555555555556,0,,,0,0,0,0.0,0,0.0,0,0,0.0,1
93,baseline,vulnerable,1.0,12,92,0,92,144,52,142,0.9861111111111112,1.0,0.3611111111111111,0,,,0,0,0,0.0,0,0.0,0,0,0.0,1
94,baseline,vulnerable,0.9166666666666666,11,54,0,54,144,90,118,0.8194444444444444,1.0,0.625,2,,,0,0,0,0.0,0,0.0,0,0,0.0,1
95,baseline,vulnerable,1.0,12,67,0,67,144,77,120,0.8333333333333334,1.0,0.5347222222222222,1,,,0,0,0,0.0,0,0.0,0,0,0.0,1
96,baseline,vulnerable,1.0,12,90,0,90,144,54,138,0.9583333333333334,1.0,0.375,0,,,0,0,0,0.0,0,0.0,0,0,0.0,1
97,baseline,vulnerable,1.0,12,61,0,61,144,83,121,0.8402777777777778,1.0,0.5763888888888888,1,,,0,0,0,0.0,0,0.0,0,0,0.0,1
98,baseline,vulnerable,1.0,12,84,0,84,144,60,139,0.9652777777777778,1.0,0.4166666666666667,0,,,0,0,0,0.0,0,0.0,0,0,0.0,1
99,baseline,vulnerable,1.0,12,70,0,70,144,74,137,0.9513888888888888,1.0,0.5138888888888888,0,,,0,0,0,0.0,0,0.0,0,0,0.0,1
100,peer_audit,vulnerable,1.0,12,71,0,71,144,73,105,0.7291666666666666,1.0,0.5069444444444444,3,3,0,18,18,2,0.07407407407407407,0,0.0,0,0,0.0,19
101,peer_audit,vulnerable,1.0,12,72,0,72,144,72,143,0.9930555555555556,1.0,0.5,0,1,1,23,23,1,0.037037037037037035,0,0.0,0,0,0.0,24
102,peer_audit,vulnerable,1.0,12,72,0,72,144,72,134,0.9305555555555556,1.0,0.5,0,0,0,19,19,1,0.04,0,0.0,0,0,0.0,20
103,peer_audit,vulnerable,1.0,12,76,0,76,144,68,139,0.9652777777777778,1.0,0.4722222222222222,0,1,1,25,25,2,0.1111111111111111,0,0.0,0,0,0.0,26
104,peer_audit,vulnerable,1.0,12,79,0,79,144,65,137,0.9513888888888888,1.0,0.4513888888888889,0,1,1,31,31,1,0.041666666666666664,0,0.0,0,0,0.0,32
105,peer_audit,vulnerable,1.0,12,97,0,97,144,47,139,0.9652777777777778,1.0,0.3263888888888889,0,1,1,26,26,0,0.0,0,0.0,0,0,0.0,27
106,peer_audit,vulnerable,1.0,12,76,0,76,144,68,130,0.9027777777777778,1.0,0.4722222222222222,1,1,0,25,25,0,0.0,0,0.0,0,0,0.0,26
107,peer_audit,vulnerable,1.0,12,86,0,86,144,58,141,0.9791666666666666,1.0,0.4027777777777778,0,1,1,28,28,0,0.0,0,0.0,0,0,0.0,29
108,peer_audit,vulnerable,0.9166666666666666,11,67,0,67,144,77,143,0.9930555555555556,1.0,0.5347222222222222,0,1,1,25,25,0,0.0,0,0.0,0,0,0.0,26
109,peer_audit,vulnerable,1.0,12,89,0,89,144,55,131,0.9097222222222222,1.0,0.3819444444444444,1,1,0,29,29,0,0.0,0,0.0,0,0,0.0,30
110,peer_audit,vulnerable,1.0,12,67,0,67,144,77,135,0.9375,1.0,0.5347222222222222,0,0,0,23,23,0,0.0,0,0.0,0,0,0.0,24
111,peer_audit,vulnerable,1.0,12,87,0,87,144,57,136,0.9444444444444444,1.0,0.3958333333333333,0,1,1,28,28,2,0.09523809523809523,0,0.0,0,0,0.0,29
112,peer_audit,vulnerable,1.0,12,71,0,71,144,73,132,0.9166666666666666,1.0,0.5069444444444444,0,1,1,26,26,0,0.0,0,0.0,0,0,0.0,27
113,peer_audit,vulnerable,1.0,12,75,0,75,144,69,137,0.9513888888888888,1.0,0.4791666666666667,0,0,0,28,28,0,0.0,0,0.0,0,0,0.0,29
114,peer_audit,vulnerable,1.0,12,68,0,68,144,76,142,0.9861111111111112,1.0,0.5277777777777778,0,1,1,20,20,0,0.0,0,0.0,0,0,0.0,21
115,peer_audit,vulnerable,1.0,12,94,0,94,144,50,128,0.8888888888888888,1.0,0.3472222222222222,1,1,0,30,30,0,0.0,0,0.0,0,0,0.0,31
116,peer_audit,vulnerable,1.0,12,92,0,92,144,52,130,0.9027777777777778,1.0,0.3611111111111111,1,1,0,32,32,0,0.0,0,0.0,0,0,0.0,33
117,peer_audit,vulnerable,1.0,12,73,0,73,144,71,130,0.9027777777777778,1.0,0.4930555555555556,1,1,0,22,22,1,0.047619047619047616,0,0.0,0,0,0.0,23
118,peer_audit,vulnerable,1.0,12,58,0,58,144,86,138,0.9583333333333334,1.0,0.5972222222222222,0,0,0,17,17,3,0.0967741935483871,0,0.0,0,0,0.0,18
119,peer_audit,vulnerable,1.0,12,61,0,61,144,83,132,0.9166666666666666,1.0,0.5763888888888888,0,1,1,20,20,0,0.0,0,0.0,0,0,0.0,21
120,peer_audit,vulnerable,1.0,12,55,0,55,144,89,125,0.8680555555555556,1.0,0.6180555555555556,1,2,1,15,15,0,0.0,0,0.0,0,0,0.0,16
121,peer_audit,vulnerable,1.0,12,78,0,78,144,66,138,0.9583333333333334,1.0,0.4583333333333333,0,1,1,25,25,1,0.038461538461538464,0,0.0,0,0,0.0,26
122,peer_audit,vulnerable,1.0,12,86,0,86,144,58,136,0.9444444444444444,1.0,0.4027777777777778,0,1,1,31,31,0,0.0,0,0.0,0,0,0.0,32
123,peer_audit,vulnerable,1.0,12,75,0,75,144,69,142,0.9861111111111112,1.0,0.4791666666666667,0,0,0,18,18,2,0.09090909090909091,0,0.0,0,0,0.0,19
124,peer_audit,vulnerable,1.0,12,76,0,76,144,68,138,0.9583333333333334,1.0,0.4722222222222222,0,1,1,23,23,3,0.10714285714285714,0,0.0,0,0,0.0,24
125,peer_audit,vulnerable,1.0,12,77,0,77,144,67,138,0.9583333333333334,1.0,0.4652777777777778,0,0,0,25,25,1,0.045454545454545456,0,0.0,0,0,0.0,26
126,peer_audit,vulnerable,1.0,12,69,0,69,144,75,122,0.8472222222222222,1.0,0.5208333333333334,1,1,0,24,24,0,0.0,0,0.0,0,0,0.0,25
127,peer_audit,vulnerable,1.0,12,73,0,73,144,71,140,0.9722222222222222,1.0,0.4930555555555556,0,0,0,26,26,1,0.03125,0,0.0,0,0,0.0,27
128,peer_audit,vulnerable,1.0,12,74,0,74,144,70,138,0.9583333333333334,1.0,0.4861111111111111,0,0,0,20,20,1,0.043478260869565216,0,0.0,0,0,0.0,21
129,peer_audit,vulnerable,1.0,12,81,0,81,144,63,131,0.9097222222222222,1.0,0.4375,1,1,0,24,24,0,0.0,0,0.0,0,0,0.0,25
130,peer_audit,vulnerable,1.0,12,76,0,76,144,68,127,0.8819444444444444,1.0,0.4722222222222222,1,1,0,27,27,0,0.0,0,0.0,0,0,0.0,28
131,peer_audit,vulnerable,0.9166666666666666,11,68,0,68,144,76,135,0.9375,1.0,0.5277777777777778,0,2,2,20,20,1,0.03571428571428571,0,0.0,0,0,0.0,21
132,peer_audit,vulnerable,1.0,12,68,0,68,144,76,133,0.9236111111111112,1.0,0.5277777777777778,0,2,2,24,24,1,0.04,0,0.0,0,0,0.0,25
133,peer_audit,vulnerable,1.0,12,89,0,89,144,55,135,0.9375,1.0,0.3819444444444444,0,0,0,40,40,1,0.043478260869565216,0,0.0,0,0,0.0,41
134,peer_audit,vulnerable,1.0,12,66,0,66,144,78,132,0.9166666666666666,1.0,0.5416666666666666,0,0,0,21,21,2,0.05405405405405406,0,0.0,0,0,0.0,22
135,peer_audit,vulnerable,0.9166666666666666,11,71,0,71,144,73,127,0.8819444444444444,1.0,0.5069444444444444,1,1,0,18,18,2,0.06896551724137931,0,0.0,0,0,0.0,19
136,peer_audit,vulnerable,1.0,12,84,0,84,144,60,138,0.9583333333333334,1.0,0.4166666666666667,0,4,4,18,18,1,0.05,0,0.0,0,0,0.0,19
137,peer_audit,vulnerable,1.0,12,75,0,75,144,69,122,0.8472222222222222,1.0,0.4791666666666667,1,1,0,24,24,0,0.0,0,0.0,0,0,0.0,25
138,peer_audit,vulnerable,1.0,12,71,0,71,144,73,126,0.875,1.0,0.5069444444444444,1,1,0,22,22,0,0.0,0,0.0,0,0,0.0,23
139,peer_audit,vulnerable,1.0,12,71,0,71,144,73,137,0.9513888888888888,1.0,0.5069444444444444,0,0,0,29,29,1,0.034482758620689655,0,0.0,0,0,0.0,30
140,peer_audit,vulnerable,1.0,12,81,0,81,144,63,136,0.9444444444444444,1.0,0.4375,0,1,1,24,24,2,0.08695652173913043,0,0.0,0,0,0.0,25
141,peer_audit,vulnerable,1.0,12,69,0,69,144,75,129,0.8958333333333334,1.0,0.5208333333333334,1,1,0,28,28,1,0.04,0,0.0,0,0,0.0,29
142,peer_audit,vulnerable,1.0,12,79,0,79,144,65,137,0.9513888888888888,1.0,0.4513888888888889,0,1,1,20,20,1,0.045454545454545456,0,0.0,0,0,0.0,21
143,peer_audit,vulnerable,1.0,12,76,0,76,144,68,141,0.9791666666666666,1.0,0.4722222222222222,0,1,1,21,21,2,0.08695652173913043,0,0.0,0,0,0.0,22
144,peer_audit,vulnerable,1.0,12,64,0,64,144,80,142,0.9861111111111112,1.0,0.5555555555555556,0,0,0,24,24,0,0.0,0,0.0,0,0,0.0,25
145,peer_audit,vulnerable,1.0,12,98,0,98,144,46,140,0.9722222222222222,1.0,0.3194444444444444,0,1,1,32,32,1,0.05555555555555555,0,0.0,0,0,0.0,33
146,peer_audit,vulnerable,1.0,12,72,0,72,144,72,123,0.8541666666666666,1.0,0.5,1,1,0,17,17,2,0.0625,0,0.0,0,0,0.0,18
147,peer_audit,vulnerable,1.0,12,66,0,66,144,78,127,0.8819444444444444,1.0,0.5416666666666666,1,1,0,27,27,1,0.03125,0,0.0,0,0,0.0,28
148,peer_audit,vulnerable,1.0,12,86,0,86,144,58,135,0.9375,1.0,0.4027777777777778,0,0,0,30,30,0,0.0,0,0.0,0,0,0.0,31
149,peer_audit,vulnerable,1.0,12,71,0,71,144,73,139,0.9652777777777778,1.0,0.5069444444444444,0,1,1,27,27,0,0.0,0,0.0,0,0,0.0,28
150,peer_audit,vulnerable,1.0,12,76,0,76,144,68,137,0.9513888888888888,1.0,0.4722222222222222,0,0,0,25,25,2,0.09090909090909091,0,0.0,0,0,0.0,26
151,peer_audit,vulnerable,1.0,12,90,0,90,144,54,143,0.9930555555555556,1.0,0.375,0,0,0,39,39,0,0.0,0,0.0,0,0,0.0,40
152,peer_audit,vulnerable,1.0,12,75,0,75,144,69,142,0.9861111111111112,1.0,0.4791666666666667,0,1,1,15,15,1,0.037037037037037035,0,0.0,0,0,0.0,16
153,peer_audit,vulnerable,1.0,12,81,0,81,144,63,135,0.9375,1.0,0.4375,0,1,1,25,25,0,0.0,0,0.0,0,0,0.0,26
154,peer_audit,vulnerable,1.0,12,68,0,68,144,76,87,0.6041666666666666,1.0,0.5277777777777778,4,4,0,20,20,4,0.12121212121212122,0,0.0,0,0,0.0,21
155,peer_audit,vulnerable,1.0,12,79,0,79,144,65,141,0.9791666666666666,1.0,0.4513888888888889,0,1,1,18,18,0,0.0,0,0.0,0,0,0.0,19
156,peer_audit,vulnerable,1.0,12,90,0,90,144,54,139,0.9652777777777778,1.0,0.375,0,0,0,26,26,0,0.0,0,0.0,0,0,0.0,27
157,peer_audit,vulnerable,1.0,12,82,0,82,144,62,131,0.9097222222222222,1.0,0.4305555555555556,1,1,0,28,28,0,0.0,0,0.0,0,0,0.0,29
158,peer_audit,vulnerable,1.0,12,79,0,79,144,65,140,0.9722222222222222,1.0,0.4513888888888889,0,0,0,29,29,0,0.0,0,0.0,0,0,0.0,30
159,peer_audit,vulnerable,0.9166666666666666,11,54,0,54,144,90,134,0.9305555555555556,1.0,0.625,0,2,2,19,19,2,0.06896551724137931,0,0.0,0,0,0.0,20
160,peer_audit,vulnerable,1.0,12,69,0,69,144,75,141,0.9791666666666666,1.0,0.5208333333333334,0,1,1,21,21,2,0.07692307692307693,0,0.0,0,0,0.0,22
161,peer_audit,vulnerable,1.0,12,78,0,78,144,66,130,0.9027777777777778,1.0,0.4583333333333333,1,1,0,28,28,0,0.0,0,0.0,0,0,0.0,29
162,peer_audit,vulnerable,1.0,12,87,0,87,144,57,126,0.875,1.0,0.3958333333333333,1,2,1,26,26,0,0.0,0,0.0,0,0,0.0,27
163,peer_audit,vulnerable,1.0,12,76,0,76,144,68,126,0.875,1.0,0.4722222222222222,1,1,0,21,21,1,0.05263157894736842,0,0.0,0,0,0.0,22
164,peer_audit,vulnerable,1.0,12,70,0,70,144,74,134,0.9305555555555556,1.0,0.5138888888888888,0,1,1,27,27,0,0.0,0,0.0,0,0,0.0,28
165,peer_audit,vulnerable,1.0,12,72,0,72,144,72,142,0.9861111111111112,1.0,0.5,0,0,0,19,19,1,0.037037037037037035,0,0.0,0,0,0.0,20
166,peer_audit,vulnerable,1.0,12,82,0,82,144,62,138,0.9583333333333334,1.0,0.4305555555555556,0,0,0,24,24,0,0.0,0,0.0,0,0,0.0,25
167,peer_audit,vulnerable,1.0,12,70,0,70,144,74,136,0.9444444444444444,1.0,0.5138888888888888,0,1,1,25,25,0,0.0,0,0.0,0,0,0.0,26
168,peer_audit,vulnerable,0.9166666666666666,11,76,0,76,144,68,143,0.9930555555555556,1.0,0.4722222222222222,0,0,0,24,24,1,0.05263157894736842,0,0.0,0,0,0.0,25
169,peer_audit,vulnerable,1.0,12,56,0,56,144,88,127,0.8819444444444444,1.0,0.6111111111111112,1,3,2,17,17,2,0.07142857142857142,0,0.0,0,0,0.0,18
170,peer_audit,vulnerable,1.0,12,64,0,64,144,80,142,0.9861111111111112,1.0,0.5555555555555556,0,0,0,22,22,2,0.05555555555555555,0,0.0,0,0,0.0,23
171,peer_audit,vulnerable,1.0,12,73,0,73,144,71,126,0.875,1.0,0.4930555555555556,1,1,0,29,29,1,0.02857142857142857,0,0.0,0,0,0.0,30
172,peer_audit,vulnerable,1.0,12,81,0,81,144,63,143,0.9930555555555556,1.0,0.4375,0,1,1,22,22,1,0.041666666666666664,0,0.0,0,0,0.0,23
173,peer_audit,vulnerable,0.9166666666666666,11,75,0,75,144,69,143,0.9930555555555556,1.0,0.4791666666666667,0,0,0,27,27,0,0.0,0,0.0,0,0,0.0,28
174,peer_audit,vulnerable,1.0,12,90,0,90,144,54,130,0.9027777777777778,1.0,0.375,1,1,0,19,19,3,0.12,0,0.0,0,0,0.0,20
175,peer_audit,vulnerable,1.0,12,66,0,66,144,78,142,0.9861111111111112,1.0,0.5416666666666666,0,0,0,20,20,0,0.0,0,0.0,0,0,0.0,21
176,peer_audit,vulnerable,1.0,12,68,0,68,144,76,143,0.9930555555555556,1.0,0.5277777777777778,0,0,0,22,22,2,0.06896551724137931,0,0.0,0,0,0.0,23
177,peer_audit,vulnerable,1.0,12,81,0,81,144,63,129,0.8958333333333334,1.0,0.4375,1,1,0,21,21,3,0.12,0,0.0,0,0,0.0,22
178,peer_audit,vulnerable,1.0,12,78,0,78,144,66,130,0.9027777777777778,1.0,0.4583333333333333,1,1,0,22,22,0,0.0,0,0.0,0,0,0.0,23
179,peer_audit,vulnerable,1.0,12,78,0,78,144,66,133,0.9236111111111112,1.0,0.4583333333333333,0,0,0,28,28,1,0.043478260869565216,0,0.0,0,0,0.0,29
180,peer_audit,vulnerable,1.0,12,81,0,81,144,63,142,0.9861111111111112,1.0,0.4375,0,0,0,23,23,0,0.0,0,0.0,0,0,0.0,24
181,peer_audit,vulnerable,0.9166666666666666,11,68,0,68,144,76,141,0.9791666666666666,1.0,0.5277777777777778,0,0,0,22,22,0,0.0,0,0.0,0,0,0.0,23
182,peer_audit,vulnerable,1.0,12,65,0,65,144,79,127,0.8819444444444444,1.0,0.5486111111111112,1,1,0,27,27,2,0.07142857142857142,0,0.0,0,0,0.0,28
183,peer_audit,vulnerable,1.0,12,89,0,89,144,55,136,0.9444444444444444,1.0,0.3819444444444444,0,1,1,27,27,0,0.0,0,0.0,0,0,0.0,28
184,peer_audit,vulnerable,1.0,12,80,0,80,144,64,126,0.875,1.0,0.4444444444444444,1,2,1,24,24,1,0.043478260869565216,0,0.0,0,0,0.0,25
185,peer_audit,vulnerable,1.0,12,70,0,70,144,74,139,0.9652777777777778,1.0,0.5138888888888888,0,0,0,27,27,0,0.0,0,0.0,0,0,0.0,28
186,peer_audit,vulnerable,1.0,12,89,0,89,144,55,142,0.9861111111111112,1.0,0.3819444444444444,0,0,0,25,25,1,0.045454545454545456,0,0.0,0,0,0.0,26
187,peer_audit,vulnerable,1.0,12,81,0,81,144,63,140,0.9722222222222222,1.0,0.4375,0,0,0,32,32,1,0.037037037037037035,0,0.0,0,0,0.0,33
188,peer_audit,vulnerable,1.0,12,75,0,75,144,69,131,0.9097222222222222,1.0,0.4791666666666667,1,1,0,22,22,0,0.0,0,0.0,0,0,0.0,23
189,peer_audit,vulnerable,1.0,12,85,0,85,144,59,138,0.9583333333333334,1.0,0.4097222222222222,0,1,1,24,24,1,0.038461538461538464,0,0.0,0,0,0.0,25
190,peer_audit,vulnerable,1.0,12,72,0,72,144,72,135,0.9375,1.0,0.5,0,0,0,19,19,1,0.045454545454545456,0,0.0,0,0,0.0,20
191,peer_audit,vulnerable,1.0,12,67,0,67,144,77,109,0.7569444444444444,1.0,0.5347222222222222,2,4,2,14,14,3,0.1111111111111111,0,0.0,0,0,0.0,15
192,peer_audit,vulnerable,1.0,12,58,0,58,144,86,113,0.7847222222222222,1.0,0.5972222222222222,2,3,1,10,10,1,0.043478260869565216,0,0.0,0,0,0.0,11
193,peer_audit,vulnerable,1.0,12,72,0,72,144,72,138,0.9583333333333334,1.0,0.5,0,1,1,28,28,2,0.07692307692307693,0,0.0,0,0,0.0,29
194,peer_audit,vulnerable,1.0,12,79,0,79,144,65,139,0.9652777777777778,1.0,0.4513888888888889,0,1,1,32,32,1,0.04,0,0.0,0,0,0.0,33
195,peer_audit,vulnerable,1.0,12,84,0,84,144,60,127,0.8819444444444444,1.0,0.4166666666666667,1,1,0,22,22,0,0.0,0,0.0,0,0,0.0,23
196,peer_audit,vulnerable,1.0,12,79,0,79,144,65,139,0.9652777777777778,1.0,0.4513888888888889,0,0,0,26,26,0,0.0,0,0.0,0,0,0.0,27
197,peer_audit,vulnerable,1.0,12,91,0,91,144,53,133,0.9236111111111112,1.0,0.3680555555555556,0,1,1,29,29,1,0.03571428571428571,0,0.0,0,0,0.0,30
198,peer_audit,vulnerable,1.0,12,77,0,77,144,67,120,0.8333333333333334,1.0,0.4652777777777778,1,2,1,24,24,1,0.038461538461538464,0,0.0,0,0,0.0,25
199,peer_audit,vulnerable,1.0,12,85,0,85,144,59,139,0.9652777777777778,1.0,0.4097222222222222,0,0,0,20,20,1,0.038461538461538464,0,0.0,0,0,0.0,21
200,audit_quarantine,vulnerable,1.0,12,60,0,60,130,70,129,0.8958333333333334,1.0,0.4861111111111111,0,0,0,17,17,2,0.08,17,1.0,0,85,0.5902777777777778,18
201,audit_quarantine,vulnerable,1.0,12,52,0,52,123,71,119,0.8263888888888888,1.0,0.4930555555555556,0,1,1,21,21,2,0.07692307692307693,21,1.0,0,93,0.6458333333333334,22
202,audit_quarantine,vulnerable,1.0,12,61,0,61,128,67,119,0.8263888888888888,1.0,0.4652777777777778,0,0,0,17,17,0,0.0,17,1.0,0,77,0.5347222222222222,18
203,audit_quarantine,vulnerable,1.0,12,62,0,62,121,59,114,0.7916666666666666,1.0,0.4097222222222222,0,1,1,26,26,1,0.0625,26,1.0,0,117,0.8125,27
204,audit_quarantine,vulnerable,1.0,12,43,0,43,132,89,90,0.625,1.0,0.6180555555555556,3,3,0,12,12,0,0.0,12,1.0,0,71,0.4930555555555556,13
205,audit_quarantine,vulnerable,1.0,12,74,0,74,126,52,118,0.8194444444444444,1.0,0.3611111111111111,0,1,1,20,20,1,0.045454545454545456,20,1.0,0,121,0.8402777777777778,21
206,audit_quarantine,vulnerable,0.9166666666666666,11,51,0,51,133,82,126,0.875,1.0,0.5694444444444444,0,1,1,14,14,2,0.07407407407407407,14,1.0,0,78,0.5416666666666666,15
207,audit_quarantine,vulnerable,1.0,12,63,0,63,119,56,116,0.8055555555555556,1.0,0.3888888888888889,0,0,0,25,25,3,0.13043478260869565,25,1.0,0,100,0.6944444444444444,26
208,audit_quarantine,vulnerable,1.0,12,64,0,64,126,62,103,0.7152777777777778,1.0,0.4305555555555556,1,2,1,18,18,0,0.0,18,1.0,0,88,0.6111111111111112,19
209,audit_quarantine,vulnerable,1.0,12,58,0,58,128,70,127,0.8819444444444444,1.0,0.4861111111111111,0,1,1,16,16,2,0.08333333333333333,16,1.0,0,102,0.7083333333333334,17
210,audit_quarantine,vulnerable,1.0,12,71,0,71,125,54,120,0.8333333333333334,1.0,0.375,0,0,0,21,21,0,0.0,21,1.0,0,92,0.6388888888888888,22
211,audit_quarantine,vulnerable,1.0,12,72,0,72,125,53,122,0.8472222222222222,1.0,0.3680555555555556,0,1,1,22,22,1,0.058823529411764705,22,1.0,0,93,0.6458333333333334,23
212,audit_quarantine,vulnerable,1.0,12,63,0,63,127,64,120,0.8333333333333334,1.0,0.4444444444444444,0,2,2,17,17,0,0.0,17,1.0,0,101,0.7013888888888888,18
213,audit_quarantine,vulnerable,1.0,12,60,0,60,121,61,116,0.8055555555555556,1.0,0.4236111111111111,0,0,0,26,26,1,0.045454545454545456,26,1.0,0,115,0.7986111111111112,27
214,audit_quarantine,vulnerable,1.0,12,49,0,49,137,88,135,0.9375,1.0,0.6111111111111112,0,1,1,9,9,0,0.0,9,1.0,0,69,0.4791666666666667,10
215,audit_quarantine,vulnerable,1.0,12,59,0,59,126,67,112,0.7777777777777778,1.0,0.4652777777777778,1,1,0,19,19,1,0.05555555555555555,19,1.0,0,93,0.6458333333333334,20
216,audit_quarantine,vulnerable,1.0,12,49,0,49,132,83,82,0.5694444444444444,1.0,0.5763888888888888,4,4,0,16,16,3,0.0967741935483871,16,1.0,0,111,0.7708333333333334,17
217,audit_quarantine,vulnerable,1.0,12,52,0,52,130,78,107,0.7430555555555556,1.0,0.5416666666666666,1,2,1,16,16,0,0.0,16,1.0,0,113,0.7847222222222222,17
218,audit_quarantine,vulnerable,1.0,12,59,0,59,131,72,124,0.8611111111111112,1.0,0.5,0,0,0,16,16,0,0.0,16,1.0,0,88,0.6111111111111112,17
219,audit_quarantine,vulnerable,1.0,12,66,0,66,126,60,117,0.8125,1.0,0.4166666666666667,0,0,0,20,20,1,0.047619047619047616,20,1.0,0,109,0.7569444444444444,21
220,audit_quarantine,vulnerable,1.0,12,57,0,57,126,69,117,0.8125,1.0,0.4791666666666667,0,1,1,19,19,1,0.04,19,1.0,0,90,0.625,20
221,audit_quarantine,vulnerable,1.0,12,62,0,62,124,62,122,0.8472222222222222,1.0,0.4305555555555556,0,0,0,20,20,2,0.08333333333333333,20,1.0,0,96,0.6666666666666666,21
222,audit_quarantine,vulnerable,1.0,12,55,0,55,128,73,124,0.8611111111111112,1.0,0.5069444444444444,0,0,0,17,17,1,0.041666666666666664,17,1.0,0,96,0.6666666666666666,18
223,audit_quarantine,vulnerable,1.0,12,64,0,64,126,62,120,0.8333333333333334,1.0,0.4305555555555556,0,0,0,19,19,2,0.09090909090909091,19,1.0,0,97,0.6736111111111112,20
224,audit_quarantine,vulnerable,1.0,12,66,0,66,126,60,117,0.8125,1.0,0.4166666666666667,0,0,0,22,22,1,0.06666666666666667,22,1.0,0,109,0.7569444444444444,23
225,audit_quarantine,vulnerable,1.0,12,70,0,70,133,63,132,0.9166666666666666,1.0,0.4375,0,0,0,13,13,0,0.0,13,1.0,0,76,0.5277777777777778,14
226,audit_quarantine,vulnerable,1.0,12,66,0,66,124,58,117,0.8125,1.0,0.4027777777777778,0,1,1,21,21,1,0.047619047619047616,21,1.0,0,96,0.6666666666666666,22
227,audit_quarantine,vulnerable,1.0,12,74,0,74,120,46,119,0.8263888888888888,1.0,0.3194444444444444,0,1,1,26,26,0,0.0,26,1.0,0,113,0.7847222222222222,27
228,audit_quarantine,vulnerable,1.0,12,76,0,76,124,48,121,0.8402777777777778,1.0,0.3333333333333333,0,1,1,20,20,0,0.0,20,1.0,0,99,0.6875,21
229,audit_quarantine,vulnerable,1.0,12,65,0,65,119,54,117,0.8125,1.0,0.375,0,0,0,29,29,1,0.06666666666666667,29,1.0,0,116,0.8055555555555556,30
230,audit_quarantine,vulnerable,1.0,12,63,0,63,129,66,104,0.7222222222222222,1.0,0.4583333333333333,2,3,1,16,16,0,0.0,16,1.0,0,100,0.6944444444444444,17
231,audit_quarantine,vulnerable,1.0,12,69,0,69,126,57,125,0.8680555555555556,1.0,0.3958333333333333,0,0,0,21,21,1,0.05,21,1.0,0,114,0.7916666666666666,22
232,audit_quarantine,vulnerable,1.0,12,54,0,54,128,74,124,0.8611111111111112,1.0,0.5138888888888888,0,0,0,16,16,3,0.10714285714285714,16,1.0,0,66,0.4583333333333333,17
233,audit_quarantine,vulnerable,1.0,12,47,0,47,132,85,102,0.7083333333333334,1.0,0.5902777777777778,2,4,2,16,16,1,0.043478260869565216,16,1.0,0,120,0.8333333333333334,17
234,audit_quarantine,vulnerable,1.0,12,52,0,52,131,79,100,0.6944444444444444,1.0,0.5486111111111112,2,2,0,15,15,3,0.09375,15,1.0,0,93,0.6458333333333334,16
235,audit_quarantine,vulnerable,1.0,12,71,0,71,116,45,111,0.7708333333333334,1.0,0.3125,0,1,1,29,29,0,0.0,29,1.0,0,126,0.875,30
236,audit_quarantine,vulnerable,1.0,12,64,0,64,116,52,107,0.7430555555555556,1.0,0.3611111111111111,0,0,0,30,30,0,0.0,30,1.0,0,122,0.8472222222222222,31
237,audit_quarantine,vulnerable,1.0,12,73,0,73,126,53,121,0.8402777777777778,1.0,0.3680555555555556,0,1,1,20,20,0,0.0,20,1.0,0,114,0.7916666666666666,21
238,audit_quarantine,vulnerable,1.0,12,70,0,70,132,62,122,0.8472222222222222,1.0,0.4305555555555556,0,1,1,15,15,0,0.0,15,1.0,0,76,0.5277777777777778,16
239,audit_quarantine,vulnerable,1.0,12,43,0,43,126,83,91,0.6319444444444444,1.0,0.5763888888888888,2,3,1,19,19,2,0.07407407407407407,19,1.0,0,108,0.75,20
240,audit_quarantine,vulnerable,1.0,12,52,0,52,131,79,115,0.7986111111111112,1.0,0.5486111111111112,1,1,0,14,14,0,0.0,14,1.0,0,66,0.4583333333333333,15
241,audit_quarantine,vulnerable,1.0,12,65,0,65,117,52,111,0.7708333333333334,1.0,0.3611111111111111,0,0,0,27,27,1,0.0625,27,1.0,0,116,0.8055555555555556,28
242,audit_quarantine,vulnerable,1.0,12,64,0,64,126,62,124,0.8611111111111112,1.0,0.4305555555555556,0,1,1,21,21,1,0.05263157894736842,21,1.0,0,110,0.7638888888888888,22
243,audit_quarantine,vulnerable,1.0,12,61,0,61,126,65,119,0.8263888888888888,1.0,0.4513888888888889,0,2,2,19,19,0,0.0,19,1.0,0,99,0.6875,20
244,audit_quarantine,vulnerable,0.9166666666666666,11,49,0,49,132,83,125,0.8680555555555556,1.0,0.5763888888888888,0,1,1,13,13,0,0.0,13,1.0,0,79,0.5486111111111112,14
245,audit_quarantine,vulnerable,1.0,12,69,0,69,122,53,119,0.8263888888888888,1.0,0.3680555555555556,0,0,0,24,24,0,0.0,24,1.0,0,89,0.6180555555555556,25
246,audit_quarantine,vulnerable,1.0,12,62,0,62,121,59,115,0.7986111111111112,1.0,0.4097222222222222,0,1,1,24,24,0,0.0,24,1.0,0,126,0.875,25
247,audit_quarantine,vulnerable,1.0,12,67,0,67,129,62,119,0.8263888888888888,1.0,0.4305555555555556,0,0,0,16,16,0,0.0,16,1.0,0,75,0.5208333333333334,17
248,audit_quarantine,vulnerable,1.0,12,70,0,70,121,51,113,0.7847222222222222,1.0,0.3541666666666667,0,0,0,27,27,1,0.05,27,1.0,0,120,0.8333333333333334,28
249,audit_quarantine,vulnerable,1.0,12,60,0,60,123,63,112,0.7777777777777778,1.0,0.4375,0,2,2,22,22,0,0.0,22,1.0,0,105,0.7291666666666666,23
250,audit_quarantine,vulnerable,1.0,12,70,0,70,125,55,115,0.7986111111111112,1.0,0.3819444444444444,0,1,1,22,22,3,0.13636363636363635,22,1.0,0,116,0.8055555555555556,23
251,audit_quarantine,vulnerable,1.0,12,57,0,57,135,78,118,0.8194444444444444,1.0,0.5416666666666666,1,1,0,10,10,2,0.06666666666666667,10,1.0,0,58,0.4027777777777778,11
252,audit_quarantine,vulnerable,1.0,12,53,0,53,129,76,128,0.8888888888888888,1.0,0.5277777777777778,0,1,1,17,17,2,0.08695652173913043,17,1.0,0,110,0.7638888888888888,18
253,audit_quarantine,vulnerable,1.0,12,66,0,66,124,58,123,0.8541666666666666,1.0,0.4027777777777778,0,0,0,21,21,0,0.0,21,1.0,0,95,0.6597222222222222,22
254,audit_quarantine,vulnerable,1.0,12,65,0,65,125,60,121,0.8402777777777778,1.0,0.4166666666666667,0,0,0,20,20,1,0.03333333333333333,20,1.0,0,103,0.7152777777777778,21
255,audit_quarantine,vulnerable,1.0,12,62,0,62,126,64,125,0.8680555555555556,1.0,0.4444444444444444,0,0,0,20,20,2,0.18181818181818182,20,1.0,0,97,0.6736111111111112,21
256,audit_quarantine,vulnerable,1.0,12,78,0,78,132,54,130,0.9027777777777778,1.0,0.375,0,0,0,15,15,1,0.045454545454545456,15,1.0,0,99,0.6875,16
257,audit_quarantine,vulnerable,1.0,12,61,0,61,125,64,120,0.8333333333333334,1.0,0.4444444444444444,0,0,0,23,23,2,0.125,23,1.0,0,104,0.7222222222222222,24
258,audit_quarantine,vulnerable,1.0,12,73,0,73,123,50,119,0.8263888888888888,1.0,0.3472222222222222,0,0,0,23,23,1,0.058823529411764705,23,1.0,0,108,0.75,24
259,audit_quarantine,vulnerable,1.0,12,67,0,67,129,62,107,0.7430555555555556,1.0,0.4305555555555556,1,1,0,16,16,0,0.0,16,1.0,0,101,0.7013888888888888,17
260,audit_quarantine,vulnerable,1.0,12,78,0,78,127,49,121,0.8402777777777778,1.0,0.3402777777777778,0,1,1,20,20,1,0.058823529411764705,20,1.0,0,100,0.6944444444444444,21
261,audit_quarantine,vulnerable,1.0,12,69,0,69,123,54,117,0.8125,1.0,0.375,0,0,0,22,22,1,0.0625,22,1.0,0,107,0.7430555555555556,23
262,audit_quarantine,vulnerable,1.0,12,62,0,62,131,69,103,0.7152777777777778,1.0,0.4791666666666667,2,2,0,16,16,2,0.06451612903225806,16,1.0,0,89,0.6180555555555556,17
263,audit_quarantine,vulnerable,1.0,12,61,0,61,124,63,108,0.75,1.0,0.4375,1,1,0,20,20,2,0.08333333333333333,20,1.0,0,108,0.75,21
264,audit_quarantine,vulnerable,1.0,12,73,0,73,124,51,123,0.8541666666666666,1.0,0.3541666666666667,0,0,0,23,23,0,0.0,23,1.0,0,108,0.75,24
265,audit_quarantine,vulnerable,1.0,12,65,0,65,126,61,119,0.8263888888888888,1.0,0.4236111111111111,0,0,0,19,19,2,0.09523809523809523,19,1.0,0,89,0.6180555555555556,20
266,audit_quarantine,vulnerable,1.0,12,66,0,66,127,61,122,0.8472222222222222,1.0,0.4236111111111111,0,1,1,19,19,0,0.0,19,1.0,0,104,0.7222222222222222,20
267,audit_quarantine,vulnerable,1.0,12,61,0,61,121,60,116,0.8055555555555556,1.0,0.4166666666666667,0,1,1,25,25,0,0.0,25,1.0,0,105,0.7291666666666666,26
268,audit_quarantine,vulnerable,1.0,12,74,0,74,129,55,116,0.8055555555555556,1.0,0.3819444444444444,1,1,0,17,17,1,0.05555555555555555,17,1.0,0,98,0.6805555555555556,18
269,audit_quarantine,vulnerable,1.0,12,63,0,63,128,65,116,0.8055555555555556,1.0,0.4513888888888889,0,1,1,17,17,3,0.0967741935483871,17,1.0,0,89,0.6180555555555556,18
270,audit_quarantine,vulnerable,1.0,12,66,0,66,126,60,117,0.8125,1.0,0.4166666666666667,0,0,0,18,18,1,0.043478260869565216,18,1.0,0,97,0.6736111111111112,19
271,audit_quarantine,vulnerable,1.0,12,75,0,75,129,54,122,0.8472222222222222,1.0,0.375,0,1,1,19,19,1,0.07142857142857142,19,1.0,0,92,0.6388888888888888,20
272,audit_quarantine,vulnerable,1.0,12,71,0,71,121,50,118,0.8194444444444444,1.0,0.3472222222222222,0,1,1,25,25,0,0.0,25,1.0,0,111,0.7708333333333334,26
273,audit_quarantine,vulnerable,1.0,12,73,0,73,122,49,112,0.7777777777777778,1.0,0.3402777777777778,0,0,0,26,26,0,0.0,26,1.0,0,104,0.7222222222222222,27
274,audit_quarantine,vulnerable,1.0,12,73,0,73,118,45,104,0.7222222222222222,1.0,0.3125,1,1,0,28,28,0,0.0,28,1.0,0,114,0.7916666666666666,29
275,audit_quarantine,vulnerable,1.0,12,68,0,68,124,56,111,0.7708333333333334,1.0,0.3888888888888889,1,1,0,22,22,1,0.05,22,1.0,0,115,0.7986111111111112,23
276,audit_quarantine,vulnerable,1.0,12,65,0,65,125,60,116,0.8055555555555556,1.0,0.4166666666666667,0,2,2,20,20,1,0.041666666666666664,20,1.0,0,104,0.7222222222222222,21
277,audit_quarantine,vulnerable,1.0,12,66,0,66,125,59,114,0.7916666666666666,1.0,0.4097222222222222,0,1,1,23,23,1,0.07692307692307693,23,1.0,0,121,0.8402777777777778,24
278,audit_quarantine,vulnerable,1.0,12,62,0,62,123,61,114,0.7916666666666666,1.0,0.4236111111111111,0,0,0,21,21,0,0.0,21,1.0,0,101,0.7013888888888888,22
279,audit_quarantine,vulnerable,1.0,12,75,0,75,118,43,111,0.7708333333333334,1.0,0.2986111111111111,0,1,1,27,27,0,0.0,27,1.0,0,112,0.7777777777777778,28
280,audit_quarantine,vulnerable,1.0,12,79,0,79,118,39,116,0.8055555555555556,1.0,0.2708333333333333,0,0,0,28,28,0,0.0,28,1.0,0,128,0.8888888888888888,29
281,audit_quarantine,vulnerable,1.0,12,58,0,58,127,69,118,0.8194444444444444,1.0,0.4791666666666667,0,1,1,18,18,0,0.0,18,1.0,0,93,0.6458333333333334,19
282,audit_quarantine,vulnerable,1.0,12,74,0,74,122,48,120,0.8333333333333334,1.0,0.3333333333333333,0,0,0,24,24,1,0.0625,24,1.0,0,113,0.7847222222222222,25
283,audit_quarantine,vulnerable,1.0,12,70,0,70,125,55,119,0.8263888888888888,1.0,0.3819444444444444,0,1,1,22,22,2,0.09090909090909091,22,1.0,0,91,0.6319444444444444,23
284,audit_quarantine,vulnerable,1.0,12,66,0,66,119,53,118,0.8194444444444444,1.0,0.3680555555555556,0,0,0,27,27,1,0.1111111111111111,27,1.0,0,122,0.8472222222222222,28
285,audit_quarantine,vulnerable,1.0,12,47,0,47,135,88,89,0.6180555555555556,1.0,0.6111111111111112,3,3,0,11,11,2,0.06896551724137931,11,1.0,0,76,0.5277777777777778,12
286,audit_quarantine,vulnerable,1.0,12,58,0,58,130,72,128,0.8888888888888888,1.0,0.5,0,0,0,16,16,0,0.0,16,1.0,0,95,0.6597222222222222,17
287,audit_quarantine,vulnerable,1.0,12,64,0,64,124,60,121,0.8402777777777778,1.0,0.4166666666666667,0,0,0,20,20,1,0.0625,20,1.0,0,91,0.6319444444444444,21
288,audit_quarantine,vulnerable,1.0,12,66,0,66,125,59,123,0.8541666666666666,1.0,0.4097222222222222,0,0,0,20,20,0,0.0,20,1.0,0,92,0.6388888888888888,21
289,audit_quarantine,vulnerable,1.0,12,68,0,68,122,54,115,0.7986111111111112,1.0,0.375,0,2,2,24,24,1,0.058823529411764705,24,1.0,0,103,0.7152777777777778,25
290,audit_quarantine,vulnerable,1.0,12,51,0,51,134,83,113,0.7847222222222222,1.0,0.5763888888888888,1,1,0,12,12,1,0.027777777777777776,12,1.0,0,87,0.6041666666666666,13
291,audit_quarantine,vulnerable,1.0,12,64,0,64,126,62,104,0.7222222222222222,1.0,0.4305555555555556,1,2,1,19,19,2,0.09090909090909091,19,1.0,0,103,0.7152777777777778,20
292,audit_quarantine,vulnerable,0.9166666666666666,11,46,0,46,128,82,83,0.5763888888888888,1.0,0.5694444444444444,3,3,0,16,16,0,0.0,16,1.0,0,99,0.6875,17
293,audit_quarantine,vulnerable,1.0,12,67,0,67,129,62,126,0.875,1.0,0.4305555555555556,0,1,1,17,17,0,0.0,17,1.0,0,79,0.5486111111111112,18
294,audit_quarantine,vulnerable,1.0,12,73,0,73,120,47,118,0.8194444444444444,1.0,0.3263888888888889,0,2,2,27,27,1,0.09090909090909091,27,1.0,0,115,0.7986111111111112,28
295,audit_quarantine,vulnerable,1.0,12,59,0,59,127,68,112,0.7777777777777778,1.0,0.4722222222222222,1,1,0,20,20,2,0.09090909090909091,20,1.0,0,108,0.75,21
296,audit_quarantine,vulnerable,1.0,12,66,0,66,127,61,110,0.7638888888888888,1.0,0.4236111111111111,1,1,0,21,21,0,0.0,21,1.0,0,126,0.875,22
297,audit_quarantine,vulnerable,1.0,12,70,0,70,129,59,125,0.8680555555555556,1.0,0.4097222222222222,0,0,0,18,18,2,0.1,18,1.0,0,99,0.6875,19
298,audit_quarantine,vulnerable,1.0,12,57,0,57,126,69,112,0.7777777777777778,1.0,0.4791666666666667,1,1,0,18,18,2,0.05714285714285714,18,1.0,0,90,0.625,19
299,audit_quarantine,vulnerable,1.0,12,65,0,65,131,66,119,0.8263888888888888,1.0,0.4583333333333333,0,1,1,18,18,0,0.0,18,1.0,0,125,0.8680555555555556,19
300,audit_quarantine_recovery,vulnerable,1.0,12,78,0,78,121,43,120,0.8333333333333334,1.0,0.2986111111111111,0,1,1,25,25,1,0.0625,25,1.0,20,48,0.3333333333333333,26
301,audit_quarantine_recovery,vulnerable,1.0,12,50,0,50,128,78,115,0.7986111111111112,1.0,0.5416666666666666,1,1,0,18,18,0,0.0,18,1.0,13,59,0.4097222222222222,19
302,audit_quarantine_recovery,vulnerable,1.0,12,67,0,67,130,63,129,0.8958333333333334,1.0,0.4375,0,1,1,16,16,0,0.0,16,1.0,12,46,0.3194444444444444,17
303,audit_quarantine_recovery,vulnerable,1.0,12,76,0,76,124,48,118,0.8194444444444444,1.0,0.3333333333333333,0,0,0,22,22,1,0.045454545454545456,22,1.0,18,48,0.3333333333333333,23
304,audit_quarantine_recovery,vulnerable,1.0,12,55,0,55,124,69,119,0.8263888888888888,1.0,0.4791666666666667,0,0,0,20,20,0,0.0,20,1.0,20,0,0.0,21
305,audit_quarantine_recovery,vulnerable,1.0,12,54,0,54,129,75,114,0.7916666666666666,1.0,0.5208333333333334,1,1,0,17,17,3,0.13043478260869565,17,1.0,13,48,0.3333333333333333,18
306,audit_quarantine_recovery,vulnerable,1.0,12,71,0,71,128,57,124,0.8611111111111112,1.0,0.3958333333333333,0,0,0,17,17,0,0.0,17,1.0,15,24,0.16666666666666666,18
307,audit_quarantine_recovery,vulnerable,1.0,12,51,0,51,131,80,127,0.8819444444444444,1.0,0.5555555555555556,0,1,1,13,13,3,0.08333333333333333,13,1.0,10,36,0.25,14
308,audit_quarantine_recovery,vulnerable,1.0,12,69,0,69,122,53,121,0.8402777777777778,1.0,0.3680555555555556,0,1,1,25,25,0,0.0,25,1.0,19,60,0.4166666666666667,26
309,audit_quarantine_recovery,vulnerable,0.9166666666666666,11,50,0,50,133,83,131,0.9097222222222222,1.0,0.5763888888888888,0,0,0,13,13,0,0.0,13,1.0,10,24,0.16666666666666666,14
310,audit_quarantine_recovery,vulnerable,1.0,12,75,0,75,121,46,112,0.7777777777777778,1.0,0.3194444444444444,0,0,0,27,27,0,0.0,27,1.0,19,60,0.4166666666666667,28
311,audit_quarantine_recovery,vulnerable,1.0,12,57,0,57,123,66,122,0.8472222222222222,1.0,0.4583333333333333,0,0,0,23,23,1,0.047619047619047616,23,1.0,15,60,0.4166666666666667,24
312,audit_quarantine_recovery,vulnerable,1.0,12,45,0,45,131,86,73,0.5069444444444444,1.0,0.5972222222222222,4,5,1,14,14,0,0.0,14,1.0,8,59,0.4097222222222222,15
313,audit_quarantine_recovery,vulnerable,1.0,12,66,0,66,124,58,104,0.7222222222222222,1.0,0.4027777777777778,1,1,0,22,22,2,0.11764705882352941,22,1.0,18,36,0.25,23
314,audit_quarantine_recovery,vulnerable,1.0,12,49,0,49,128,79,109,0.7569444444444444,1.0,0.5486111111111112,1,2,1,16,16,0,0.0,16,1.0,10,56,0.3888888888888889,17
315,audit_quarantine_recovery,vulnerable,1.0,12,60,0,60,123,63,111,0.7708333333333334,1.0,0.4375,0,1,1,23,23,1,0.045454545454545456,23,1.0,20,36,0.25,24
316,audit_quarantine_recovery,vulnerable,1.0,12,58,0,58,128,70,98,0.6805555555555556,1.0,0.4861111111111111,2,2,0,18,18,2,0.07407407407407407,18,1.0,12,36,0.25,19
317,audit_quarantine_recovery,vulnerable,1.0,12,77,0,77,121,44,118,0.8194444444444444,1.0,0.3055555555555556,0,1,1,25,25,0,0.0,25,1.0,16,72,0.5,26
318,audit_quarantine_recovery,vulnerable,1.0,12,58,0,58,131,73,123,0.8541666666666666,1.0,0.5069444444444444,0,2,2,15,15,1,0.047619047619047616,15,1.0,10,60,0.4166666666666667,16
319,audit_quarantine_recovery,vulnerable,1.0,12,81,0,81,116,35,115,0.7986111111111112,1.0,0.24305555555555555,0,0,0,32,32,0,0.0,32,1.0,21,107,0.7430555555555556,33
320,audit_quarantine_recovery,vulnerable,1.0,12,61,0,61,126,65,115,0.7986111111111112,1.0,0.4513888888888889,0,0,0,20,20,1,0.045454545454545456,20,1.0,16,47,0.3263888888888889,21
321,audit_quarantine_recovery,vulnerable,1.0,12,68,0,68,125,57,119,0.8263888888888888,1.0,0.3958333333333333,0,1,1,21,21,1,0.045454545454545456,21,1.0,13,60,0.4166666666666667,22
322,audit_quarantine_recovery,vulnerable,0.9166666666666666,11,57,0,57,129,72,117,0.8125,1.0,0.5,0,1,1,17,17,0,0.0,17,1.0,12,48,0.3333333333333333,18
323,audit_quarantine_recovery,vulnerable,1.0,12,74,0,74,121,47,120,0.8333333333333334,1.0,0.3263888888888889,0,0,0,24,24,1,0.07142857142857142,24,1.0,22,24,0.16666666666666666,25
324,audit_quarantine_recovery,vulnerable,1.0,12,71,0,71,125,54,123,0.8541666666666666,1.0,0.375,0,2,2,22,22,3,0.16666666666666666,22,1.0,17,60,0.4166666666666667,23
325,audit_quarantine_recovery,vulnerable,1.0,12,51,0,51,132,81,127,0.8819444444444444,1.0,0.5625,0,1,1,15,15,1,0.03333333333333333,15,1.0,11,48,0.3333333333333333,16
326,audit_quarantine_recovery,vulnerable,0.9166666666666666,11,43,0,43,132,89,90,0.625,1.0,0.6180555555555556,3,5,2,14,14,3,0.0967741935483871,14,1.0,9,57,0.3958333333333333,15
327,audit_quarantine_recovery,vulnerable,1.0,12,63,0,63,128,65,126,0.875,1.0,0.4513888888888889,0,1,1,19,19,0,0.0,19,1.0,12,60,0.4166666666666667,20
328,audit_quarantine_recovery,vulnerable,1.0,12,65,0,65,122,57,106,0.7361111111111112,1.0,0.3958333333333333,1,1,0,25,25,2,0.09090909090909091,25,1.0,19,48,0.3333333333333333,26
329,audit_quarantine_recovery,vulnerable,1.0,12,72,0,72,122,50,112,0.7777777777777778,1.0,0.3472222222222222,0,1,1,25,25,4,0.2222222222222222,25,1.0,21,46,0.3194444444444444,26
330,audit_quarantine_recovery,vulnerable,1.0,12,53,0,53,128,75,80,0.5555555555555556,1.0,0.5208333333333334,3,4,1,16,16,2,0.06896551724137931,16,1.0,13,12,0.08333333333333333,17
331,audit_quarantine_recovery,vulnerable,1.0,12,71,0,71,126,55,123,0.8541666666666666,1.0,0.3819444444444444,0,1,1,20,20,1,0.045454545454545456,20,1.0,15,36,0.25,21
332,audit_quarantine_recovery,vulnerable,1.0,12,70,0,70,127,57,116,0.8055555555555556,1.0,0.3958333333333333,0,0,0,17,17,0,0.0,17,1.0,13,34,0.2361111111111111,18
333,audit_quarantine_recovery,vulnerable,1.0,12,65,0,65,124,59,95,0.6597222222222222,1.0,0.4097222222222222,2,3,1,21,21,1,0.058823529411764705,21,1.0,17,47,0.3263888888888889,22
334,audit_quarantine_recovery,vulnerable,1.0,12,71,0,71,127,56,126,0.875,1.0,0.3888888888888889,0,1,1,17,17,0,0.0,17,1.0,13,46,0.3194444444444444,18
335,audit_quarantine_recovery,vulnerable,0.8333333333333334,10,54,0,54,132,78,131,0.9097222222222222,1.0,0.5416666666666666,0,1,1,13,13,2,0.08,13,1.0,12,12,0.08333333333333333,14
336,audit_quarantine_recovery,vulnerable,1.0,12,50,0,50,129,79,97,0.6736111111111112,1.0,0.5486111111111112,2,3,1,16,16,2,0.07692307692307693,16,1.0,10,60,0.4166666666666667,17
337,audit_quarantine_recovery,vulnerable,0.9166666666666666,11,66,0,66,128,62,111,0.7708333333333334,1.0,0.4305555555555556,1,1,0,18,18,1,0.043478260869565216,18,1.0,13,47,0.3263888888888889,19
338,audit_quarantine_recovery,vulnerable,1.0,12,55,0,55,123,68,118,0.8194444444444444,1.0,0.4722222222222222,0,1,1,23,23,0,0.0,23,1.0,16,72,0.5,24
339,audit_quarantine_recovery,vulnerable,1.0,12,63,0,63,126,63,125,0.8680555555555556,1.0,0.4375,0,0,0,20,20,2,0.07142857142857142,20,1.0,14,69,0.4791666666666667,21
340,audit_quarantine_recovery,vulnerable,1.0,12,55,0,55,126,71,116,0.8055555555555556,1.0,0.4930555555555556,0,0,0,22,22,0,0.0,22,1.0,16,60,0.4166666666666667,23
341,audit_quarantine_recovery,vulnerable,1.0,12,58,0,58,129,71,101,0.7013888888888888,1.0,0.4930555555555556,2,2,0,23,23,0,0.0,23,1.0,13,117,0.8125,24
342,audit_quarantine_recovery,vulnerable,1.0,12,69,0,69,123,54,111,0.7708333333333334,1.0,0.375,0,0,0,23,23,1,0.037037037037037035,23,1.0,18,48,0.3333333333333333,24
343,audit_quarantine_recovery,vulnerable,1.0,12,76,0,76,126,50,118,0.8194444444444444,1.0,0.3472222222222222,0,1,1,18,18,1,0.05263157894736842,18,1.0,16,23,0.1597222222222222,19
344,audit_quarantine_recovery,vulnerable,1.0,12,66,0,66,122,56,121,0.8402777777777778,1.0,0.3888888888888889,0,0,0,25,25,3,0.13043478260869565,25,1.0,17,71,0.4930555555555556,26
345,audit_quarantine_recovery,vulnerable,1.0,12,63,0,63,119,56,102,0.7083333333333334,1.0,0.3888888888888889,1,1,0,29,29,0,0.0,29,1.0,20,72,0.5,30
346,audit_quarantine_recovery,vulnerable,1.0,12,61,0,61,129,68,109,0.7569444444444444,1.0,0.4722222222222222,1,1,0,18,18,1,0.045454545454545456,18,1.0,12,59,0.4097222222222222,19
347,audit_quarantine_recovery,vulnerable,1.0,12,62,0,62,127,65,104,0.7222222222222222,1.0,0.4513888888888889,1,1,0,17,17,3,0.13636363636363635,17,1.0,14,24,0.16666666666666666,18
348,audit_quarantine_recovery,vulnerable,1.0,12,56,0,56,134,78,91,0.6319444444444444,1.0,0.5416666666666666,3,6,3,13,13,1,0.043478260869565216,13,1.0,8,59,0.4097222222222222,14
349,audit_quarantine_recovery,vulnerable,1.0,12,66,0,66,129,63,114,0.7916666666666666,1.0,0.4375,1,1,0,17,17,0,0.0,17,1.0,13,48,0.3333333333333333,18
350,audit_quarantine_recovery,vulnerable,1.0,12,76,0,76,121,45,110,0.7638888888888888,1.0,0.3125,0,0,0,23,23,0,0.0,23,1.0,18,47,0.3263888888888889,24
351,audit_quarantine_recovery,vulnerable,1.0,12,75,0,75,126,51,114,0.7916666666666666,1.0,0.3541666666666667,0,1,1,19,19,1,0.05555555555555555,19,1.0,15,48,0.3333333333333333,20
352,audit_quarantine_recovery,vulnerable,1.0,12,67,0,67,128,61,116,0.8055555555555556,1.0,0.4236111111111111,0,1,1,16,16,0,0.0,16,1.0,14,12,0.08333333333333333,17
353,audit_quarantine_recovery,vulnerable,1.0,12,57,0,57,125,68,115,0.7986111111111112,1.0,0.4722222222222222,0,0,0,21,21,2,0.07142857142857142,21,1.0,16,48,0.3333333333333333,22
354,audit_quarantine_recovery,vulnerable,1.0,12,65,0,65,125,60,120,0.8333333333333334,1.0,0.4166666666666667,0,0,0,22,22,0,0.0,22,1.0,16,60,0.4166666666666667,23
355,audit_quarantine_recovery,vulnerable,1.0,12,54,0,54,127,73,111,0.7708333333333334,1.0,0.5069444444444444,1,1,0,18,18,2,0.06896551724137931,18,1.0,15,24,0.16666666666666666,19
356,audit_quarantine_recovery,vulnerable,1.0,12,52,0,52,128,76,127,0.8819444444444444,1.0,0.5277777777777778,0,0,0,17,17,2,0.07692307692307693,17,1.0,15,12,0.08333333333333333,18
357,audit_quarantine_recovery,vulnerable,1.0,12,70,0,70,116,46,114,0.7916666666666666,1.0,0.3194444444444444,0,1,1,31,31,0,0.0,31,1.0,22,48,0.3333333333333333,32
358,audit_quarantine_recovery,vulnerable,1.0,12,48,0,48,130,82,112,0.7777777777777778,1.0,0.5694444444444444,1,2,1,19,19,0,0.0,19,1.0,12,71,0.4930555555555556,20
359,audit_quarantine_recovery,vulnerable,1.0,12,59,0,59,132,73,109,0.7569444444444444,1.0,0.5069444444444444,1,1,0,14,14,0,0.0,14,1.0,12,24,0.16666666666666666,15
360,audit_quarantine_recovery,vulnerable,1.0,12,68,0,68,133,65,132,0.9166666666666666,1.0,0.4513888888888889,0,2,2,13,13,2,0.08695652173913043,13,1.0,10,36,0.25,14
361,audit_quarantine_recovery,vulnerable,1.0,12,63,0,63,131,68,125,0.8680555555555556,1.0,0.4722222222222222,0,1,1,14,14,0,0.0,14,1.0,10,33,0.22916666666666666,15
362,audit_quarantine_recovery,vulnerable,1.0,12,68,0,68,124,56,120,0.8333333333333334,1.0,0.3888888888888889,0,0,0,22,22,0,0.0,22,1.0,17,48,0.3333333333333333,23
363,audit_quarantine_recovery,vulnerable,1.0,12,69,0,69,119,50,118,0.8194444444444444,1.0,0.3472222222222222,0,0,0,27,27,1,0.05555555555555555,27,1.0,21,48,0.3333333333333333,28
364,audit_quarantine_recovery,vulnerable,1.0,12,60,0,60,124,64,117,0.8125,1.0,0.4444444444444444,0,1,1,23,23,0,0.0,23,1.0,17,48,0.3333333333333333,24
365,audit_quarantine_recovery,vulnerable,1.0,12,77,0,77,125,48,118,0.8194444444444444,1.0,0.3333333333333333,0,1,1,24,24,0,0.0,24,1.0,15,108,0.75,25
366,audit_quarantine_recovery,vulnerable,1.0,12,63,0,63,122,59,119,0.8263888888888888,1.0,0.4097222222222222,0,3,3,23,23,0,0.0,23,1.0,16,83,0.5763888888888888,24
367,audit_quarantine_recovery,vulnerable,1.0,12,53,0,53,128,75,127,0.8819444444444444,1.0,0.5208333333333334,0,1,1,17,17,0,0.0,17,1.0,14,35,0.24305555555555555,18
368,audit_quarantine_recovery,vulnerable,1.0,12,74,0,74,129,55,127,0.8819444444444444,1.0,0.3819444444444444,0,2,2,16,16,1,0.058823529411764705,16,1.0,14,24,0.16666666666666666,17
369,audit_quarantine_recovery,vulnerable,1.0,12,54,0,54,121,67,82,0.5694444444444444,1.0,0.4652777777777778,3,3,0,23,23,2,0.08695652173913043,23,1.0,17,58,0.4027777777777778,24
370,audit_quarantine_recovery,vulnerable,1.0,12,74,0,74,121,47,118,0.8194444444444444,1.0,0.3263888888888889,0,0,0,24,24,0,0.0,24,1.0,20,36,0.25,25
371,audit_quarantine_recovery,vulnerable,1.0,12,61,0,61,123,62,121,0.8402777777777778,1.0,0.4305555555555556,0,1,1,22,22,0,0.0,22,1.0,15,71,0.4930555555555556,23
372,audit_quarantine_recovery,vulnerable,1.0,12,75,0,75,129,54,124,0.8611111111111112,1.0,0.375,0,0,0,15,15,1,0.047619047619047616,15,1.0,14,11,0.0763888888888889,16
373,audit_quarantine_recovery,vulnerable,1.0,12,86,0,86,116,30,112,0.7777777777777778,1.0,0.20833333333333334,0,0,0,31,31,1,0.08333333333333333,31,1.0,25,48,0.3333333333333333,32
374,audit_quarantine_recovery,vulnerable,1.0,12,78,0,78,122,44,114,0.7916666666666666,1.0,0.3055555555555556,0,0,0,22,22,0,0.0,22,1.0,18,23,0.1597222222222222,23
375,audit_quarantine_recovery,vulnerable,1.0,12,60,0,60,127,67,125,0.8680555555555556,1.0,0.4652777777777778,0,1,1,19,19,0,0.0,19,1.0,15,48,0.3333333333333333,20
376,audit_quarantine_recovery,vulnerable,1.0,12,53,0,53,129,76,87,0.6041666666666666,1.0,0.5277777777777778,3,3,0,18,18,1,0.03125,18,1.0,12,60,0.4166666666666667,19
377,audit_quarantine_recovery,vulnerable,1.0,12,51,0,51,130,79,123,0.8541666666666666,1.0,0.5486111111111112,0,1,1,15,15,0,0.0,15,1.0,13,24,0.16666666666666666,16
378,audit_quarantine_recovery,vulnerable,1.0,12,65,0,65,120,55,113,0.7847222222222222,1.0,0.3819444444444444,0,1,1,29,29,1,0.05,29,1.0,17,132,0.9166666666666666,30
379,audit_quarantine_recovery,vulnerable,1.0,12,72,0,72,120,48,118,0.8194444444444444,1.0,0.3333333333333333,0,0,0,26,26,0,0.0,26,1.0,20,60,0.4166666666666667,27
380,audit_quarantine_recovery,vulnerable,1.0,12,75,0,75,125,50,122,0.8472222222222222,1.0,0.3472222222222222,0,0,0,24,24,1,0.05555555555555555,24,1.0,16,72,0.5,25
381,audit_quarantine_recovery,vulnerable,1.0,12,65,0,65,126,61,117,0.8125,1.0,0.4236111111111111,0,1,1,20,20,0,0.0,20,1.0,15,48,0.3333333333333333,21
382,audit_quarantine_recovery,vulnerable,0.9166666666666666,11,49,0,49,125,76,113,0.7847222222222222,1.0,0.5277777777777778,0,0,0,20,20,1,0.047619047619047616,20,1.0,15,59,0.4097222222222222,21
383,audit_quarantine_recovery,vulnerable,1.0,12,63,0,63,121,58,119,0.8263888888888888,1.0,0.4027777777777778,0,0,0,25,25,0,0.0,25,1.0,18,71,0.4930555555555556,26
384,audit_quarantine_recovery,vulnerable,1.0,12,66,0,66,131,65,129,0.8958333333333334,1.0,0.4513888888888889,0,0,0,13,13,2,0.07692307692307693,13,1.0,12,12,0.08333333333333333,14
385,audit_quarantine_recovery,vulnerable,1.0,12,69,0,69,128,59,120,0.8333333333333334,1.0,0.4097222222222222,0,0,0,17,17,1,0.058823529411764705,17,1.0,13,48,0.3333333333333333,18
386,audit_quarantine_recovery,vulnerable,1.0,12,67,0,67,123,56,104,0.7222222222222222,1.0,0.3888888888888889,1,1,0,23,23,0,0.0,23,1.0,19,47,0.3263888888888889,24
387,audit_quarantine_recovery,vulnerable,1.0,12,56,0,56,126,70,117,0.8125,1.0,0.4861111111111111,0,1,1,19,19,1,0.037037037037037035,19,1.0,13,59,0.4097222222222222,20
388,audit_quarantine_recovery,vulnerable,1.0,12,57,0,57,130,73,115,0.7986111111111112,1.0,0.5069444444444444,1,1,0,15,15,0,0.0,15,1.0,9,46,0.3194444444444444,16
389,audit_quarantine_recovery,vulnerable,1.0,12,54,0,54,126,72,125,0.8680555555555556,1.0,0.5,0,0,0,19,19,1,0.030303030303030304,19,1.0,16,24,0.16666666666666666,20
390,audit_quarantine_recovery,vulnerable,1.0,12,76,0,76,124,48,112,0.7777777777777778,1.0,0.3333333333333333,0,1,1,23,23,1,0.05555555555555555,23,1.0,19,36,0.25,24
391,audit_quarantine_recovery,vulnerable,1.0,12,58,0,58,132,74,125,0.8680555555555556,1.0,0.5138888888888888,0,1,1,14,14,0,0.0,14,1.0,9,60,0.4166666666666667,15
392,audit_quarantine_recovery,vulnerable,1.0,12,71,0,71,124,53,121,0.8402777777777778,1.0,0.3680555555555556,0,0,0,21,21,0,0.0,21,1.0,13,70,0.4861111111111111,22
393,audit_quarantine_recovery,vulnerable,0.9166666666666666,11,36,0,36,133,97,70,0.4861111111111111,1.0,0.6736111111111112,5,5,0,11,11,1,0.02857142857142857,11,1.0,8,36,0.25,12
394,audit_quarantine_recovery,vulnerable,1.0,12,69,0,69,123,54,118,0.8194444444444444,1.0,0.375,0,1,1,22,22,0,0.0,22,1.0,17,60,0.4166666666666667,23
395,audit_quarantine_recovery,vulnerable,1.0,12,64,0,64,126,62,121,0.8402777777777778,1.0,0.4305555555555556,0,0,0,19,19,1,0.045454545454545456,19,1.0,14,48,0.3333333333333333,20
396,audit_quarantine_recovery,vulnerable,1.0,12,65,0,65,127,62,126,0.875,1.0,0.4305555555555556,0,1,1,17,17,1,0.037037037037037035,17,1.0,13,48,0.3333333333333333,18
397,audit_quarantine_recovery,vulnerable,1.0,12,76,0,76,121,45,120,0.8333333333333334,1.0,0.3125,0,0,0,24,24,0,0.0,24,1.0,19,36,0.25,25
398,audit_quarantine_recovery,vulnerable,1.0,12,68,0,68,129,61,126,0.875,1.0,0.4236111111111111,0,1,1,18,18,2,0.11764705882352941,18,1.0,14,48,0.3333333333333333,19
399,audit_quarantine_recovery,vulnerable,1.0,12,61,0,61,119,58,97,0.6736111111111112,1.0,0.4027777777777778,1,1,0,27,27,0,0.0,27,1.0,20,82,0.5694444444444444,28
1000,baseline,strict,0.6666666666666666,8,9,9,0,135,135,0,0.0,0.0,0.9375,,,,0,0,0,0.0,0,0.0,0,0,0.0,0
1001,baseline,strict,0.75,9,20,20,0,124,124,0,0.0,0.0,0.8611111111111112,,,,0,0,0,0.0,0,0.0,0,0,0.0,0
1002,baseline,strict,0.75,9,15,15,0,129,129,0,0.0,0.0,0.8958333333333334,,,,0,0,0,0.0,0,0.0,0,0,0.0,0
1003,baseline,strict,0.6666666666666666,8,10,10,0,134,134,0,0.0,0.0,0.9305555555555556,,,,0,0,0,0.0,0,0.0,0,0,0.0,0
1004,baseline,strict,0.75,9,18,18,0,126,126,0,0.0,0.0,0.875,,,,0,0,0,0.0,0,0.0,0,0,0.0,0
1005,baseline,strict,0.8333333333333334,10,15,15,0,129,129,0,0.0,0.0,0.8958333333333334,,,,0,0,0,0.0,0,0.0,0,0,0.0,0
1006,baseline,strict,0.8333333333333334,10,14,14,0,130,130,0,0.0,0.0,0.9027777777777778,,,,0,0,0,0.0,0,0.0,0,0,0.0,0
1007,baseline,strict,0.75,9,16,16,0,128,128,0,0.0,0.0,0.8888888888888888,,,,0,0,0,0.0,0,0.0,0,0,0.0,0
1008,baseline,strict,0.75,9,12,12,0,132,132,0,0.0,0.0,0.9166666666666666,,,,0,0,0,0.0,0,0.0,0,0,0.0,0
1009,baseline,strict,0.75,9,22,22,0,122,122,0,0.0,0.0,0.8472222222222222,,,,0,0,0,0.0,0,0.0,0,0,0.0,0
1010,baseline,strict,0.75,9,21,21,0,123,123,0,0.0,0.0,0.8541666666666666,,,,0,0,0,0.0,0,0.0,0,0,0.0,0
1011,baseline,strict,0.5833333333333334,7,12,12,0,132,132,0,0.0,0.0,0.9166666666666666,,,,0,0,0,0.0,0,0.0,0,0,0.0,0
1012,baseline,strict,0.6666666666666666,8,12,12,0,132,132,0,0.0,0.0,0.9166666666666666,,,,0,0,0,0.0,0,0.0,0,0,0.0,0
1013,baseline,strict,0.75,9,17,17,0,127,127,0,0.0,0.0,0.8819444444444444,,,,0,0,0,0.0,0,0.0,0,0,0.0,0
1014,baseline,strict,0.75,9,16,16,0,128,128,0,0.0,0.0,0.8888888888888888,,,,0,0,0,0.0,0,0.0,0,0,0.0,0
1015,baseline,strict,0.6666666666666666,8,12,12,0,132,132,0,0.0,0.0,0.9166666666666666,,,,0,0,0,0.0,0,0.0,0,0,0.0,0
1016,baseline,strict,0.75,9,20,20,0,124,124,0,0.0,0.0,0.8611111111111112,,,,0,0,0,0.0,0,0.0,0,0,0.0,0
1017,baseline,strict,0.6666666666666666,8,11,11,0,133,133,0,0.0,0.0,0.9236111111111112,,,,0,0,0,0.0,0,0.0,0,0,0.0,0
1018,baseline,strict,0.5833333333333334,7,12,12,0,132,132,0,0.0,0.0,0.9166666666666666,,,,0,0,0,0.0,0,0.0,0,0,0.0,0
1019,baseline,strict,0.4166666666666667,5,8,8,0,136,136,0,0.0,0.0,0.9444444444444444,,,,0,0,0,0.0,0,0.0,0,0,0.0,0
1020,baseline,strict,0.6666666666666666,8,15,15,0,129,129,0,0.0,0.0,0.8958333333333334,,,,0,0,0,0.0,0,0.0,0,0,0.0,0
1021,baseline,strict,0.8333333333333334,10,18,18,0,126,126,0,0.0,0.0,0.875,,,,0,0,0,0.0,0,0.0,0,0,0.0,0
1022,baseline,strict,0.75,9,16,16,0,128,128,0,0.0,0.0,0.8888888888888888,,,,0,0,0,0.0,0,0.0,0,0,0.0,0
1023,baseline,strict,0.75,9,18,18,0,126,126,0,0.0,0.0,0.875,,,,0,0,0,0.0,0,0.0,0,0,0.0,0
1024,baseline,strict,0.75,9,16,16,0,128,128,0,0.0,0.0,0.8888888888888888,,,,0,0,0,0.0,0,0.0,0,0,0.0,0
1025,baseline,strict,0.5833333333333334,7,11,11,0,133,133,0,0.0,0.0,0.9236111111111112,,,,0,0,0,0.0,0,0.0,0,0,0.0,0
1026,baseline,strict,0.5,6,11,11,0,133,133,0,0.0,0.0,0.9236111111111112,,,,0,0,0,0.0,0,0.0,0,0,0.0,0
1027,baseline,strict,0.9166666666666666,11,23,23,0,121,121,0,0.0,0.0,0.8402777777777778,,,,0,0,0,0.0,0,0.0,0,0,0.0,0
1028,baseline,strict,0.75,9,14,14,0,130,130,0,0.0,0.0,0.9027777777777778,,,,0,0,0,0.0,0,0.0,0,0,0.0,0
1029,baseline,strict,0.5,6,16,16,0,128,128,0,0.0,0.0,0.8888888888888888,,,,0,0,0,0.0,0,0.0,0,0,0.0,0
1030,baseline,strict,0.75,9,18,18,0,126,126,0,0.0,0.0,0.875,,,,0,0,0,0.0,0,0.0,0,0,0.0,0
1031,baseline,strict,0.9166666666666666,11,18,18,0,126,126,0,0.0,0.0,0.875,,,,0,0,0,0.0,0,0.0,0,0,0.0,0
1032,baseline,strict,0.6666666666666666,8,17,17,0,127,127,0,0.0,0.0,0.8819444444444444,,,,0,0,0,0.0,0,0.0,0,0,0.0,0
1033,baseline,strict,0.5,6,10,10,0,134,134,0,0.0,0.0,0.9305555555555556,,,,0,0,0,0.0,0,0.0,0,0,0.0,0
1034,baseline,strict,0.75,9,18,18,0,126,126,0,0.0,0.0,0.875,,,,0,0,0,0.0,0,0.0,0,0,0.0,0
1035,baseline,strict,0.75,9,23,23,0,121,121,0,0.0,0.0,0.8402777777777778,,,,0,0,0,0.0,0,0.0,0,0,0.0,0
1036,baseline,strict,0.75,9,15,15,0,129,129,0,0.0,0.0,0.8958333333333334,,,,0,0,0,0.0,0,0.0,0,0,0.0,0
1037,baseline,strict,0.5833333333333334,7,15,15,0,129,129,0,0.0,0.0,0.8958333333333334,,,,0,0,0,0.0,0,0.0,0,0,0.0,0
1038,baseline,strict,0.6666666666666666,8,16,16,0,128,128,0,0.0,0.0,0.8888888888888888,,,,0,0,0,0.0,0,0.0,0,0,0.0,0
1039,baseline,strict,0.5833333333333334,7,12,12,0,132,132,0,0.0,0.0,0.9166666666666666,,,,0,0,0,0.0,0,0.0,0,0,0.0,0
1040,baseline,strict,0.5833333333333334,7,9,9,0,135,135,0,0.0,0.0,0.9375,,,,0,0,0,0.0,0,0.0,0,0,0.0,0
1041,baseline,strict,0.6666666666666666,8,11,11,0,133,133,0,0.0,0.0,0.9236111111111112,,,,0,0,0,0.0,0,0.0,0,0,0.0,0
1042,baseline,strict,0.5833333333333334,7,13,13,0,131,131,0,0.0,0.0,0.9097222222222222,,,,0,0,0,0.0,0,0.0,0,0,0.0,0
1043,baseline,strict,0.4166666666666667,5,9,9,0,135,135,0,0.0,0.0,0.9375,,,,0,0,0,0.0,0,0.0,0,0,0.0,0
1044,baseline,strict,0.9166666666666666,11,17,17,0,127,127,0,0.0,0.0,0.8819444444444444,,,,0,0,0,0.0,0,0.0,0,0,0.0,0
1045,baseline,strict,0.8333333333333334,10,21,21,0,123,123,0,0.0,0.0,0.8541666666666666,,,,0,0,0,0.0,0,0.0,0,0,0.0,0
1046,baseline,strict,0.5833333333333334,7,12,12,0,132,132,0,0.0,0.0,0.9166666666666666,,,,0,0,0,0.0,0,0.0,0,0,0.0,0
1047,baseline,strict,0.5833333333333334,7,15,15,0,129,129,0,0.0,0.0,0.8958333333333334,,,,0,0,0,0.0,0,0.0,0,0,0.0,0
1048,baseline,strict,0.6666666666666666,8,16,16,0,128,128,0,0.0,0.0,0.8888888888888888,,,,0,0,0,0.0,0,0.0,0,0,0.0,0
1049,baseline,strict,0.75,9,13,13,0,131,131,0,0.0,0.0,0.9097222222222222,,,,0,0,0,0.0,0,0.0,0,0,0.0,0
1050,baseline,strict,0.9166666666666666,11,21,21,0,123,123,0,0.0,0.0,0.8541666666666666,,,,0,0,0,0.0,0,0.0,0,0,0.0,0
1051,baseline,strict,0.4166666666666667,5,11,11,0,133,133,0,0.0,0.0,0.9236111111111112,,,,0,0,0,0.0,0,0.0,0,0,0.0,0
1052,baseline,strict,0.6666666666666666,8,12,12,0,132,132,0,0.0,0.0,0.9166666666666666,,,,0,0,0,0.0,0,0.0,0,0,0.0,0
1053,baseline,strict,0.6666666666666666,8,14,14,0,130,130,0,0.0,0.0,0.9027777777777778,,,,0,0,0,0.0,0,0.0,0,0,0.0,0
1054,baseline,strict,0.6666666666666666,8,15,15,0,129,129,0,0.0,0.0,0.8958333333333334,,,,0,0,0,0.0,0,0.0,0,0,0.0,0
1055,baseline,strict,0.6666666666666666,8,15,15,0,129,129,0,0.0,0.0,0.8958333333333334,,,,0,0,0,0.0,0,0.0,0,0,0.0,0
1056,baseline,strict,0.75,9,15,15,0,129,129,0,0.0,0.0,0.8958333333333334,,,,0,0,0,0.0,0,0.0,0,0,0.0,0
1057,baseline,strict,0.75,9,17,17,0,127,127,0,0.0,0.0,0.8819444444444444,,,,0,0,0,0.0,0,0.0,0,0,0.0,0
1058,baseline,strict,0.4166666666666667,5,5,5,0,139,139,0,0.0,0.0,0.9652777777777778,,,,0,0,0,0.0,0,0.0,0,0,0.0,0
1059,baseline,strict,0.6666666666666666,8,17,17,0,127,127,0,0.0,0.0,0.8819444444444444,,,,0,0,0,0.0,0,0.0,0,0,0.0,0
1060,baseline,strict,0.75,9,15,15,0,129,129,0,0.0,0.0,0.8958333333333334,,,,0,0,0,0.0,0,0.0,0,0,0.0,0
1061,baseline,strict,0.75,9,11,11,0,133,133,0,0.0,0.0,0.9236111111111112,,,,0,0,0,0.0,0,0.0,0,0,0.0,0
1062,baseline,strict,0.6666666666666666,8,14,14,0,130,130,0,0.0,0.0,0.9027777777777778,,,,0,0,0,0.0,0,0.0,0,0,0.0,0
1063,baseline,strict,0.75,9,13,13,0,131,131,0,0.0,0.0,0.9097222222222222,,,,0,0,0,0.0,0,0.0,0,0,0.0,0
1064,baseline,strict,0.9166666666666666,11,20,20,0,124,124,0,0.0,0.0,0.8611111111111112,,,,0,0,0,0.0,0,0.0,0,0,0.0,0
1065,baseline,strict,0.8333333333333334,10,19,19,0,125,125,0,0.0,0.0,0.8680555555555556,,,,0,0,0,0.0,0,0.0,0,0,0.0,0
1066,baseline,strict,0.8333333333333334,10,19,19,0,125,125,0,0.0,0.0,0.8680555555555556,,,,0,0,0,0.0,0,0.0,0,0,0.0,0
1067,baseline,strict,0.6666666666666666,8,12,12,0,132,132,0,0.0,0.0,0.9166666666666666,,,,0,0,0,0.0,0,0.0,0,0,0.0,0
1068,baseline,strict,0.6666666666666666,8,16,16,0,128,128,0,0.0,0.0,0.8888888888888888,,,,0,0,0,0.0,0,0.0,0,0,0.0,0
1069,baseline,strict,0.5,6,10,10,0,134,134,0,0.0,0.0,0.9305555555555556,,,,0,0,0,0.0,0,0.0,0,0,0.0,0
1070,baseline,strict,0.75,9,15,15,0,129,129,0,0.0,0.0,0.8958333333333334,,,,0,0,0,0.0,0,0.0,0,0,0.0,0
1071,baseline,strict,0.4166666666666667,5,8,8,0,136,136,0,0.0,0.0,0.9444444444444444,,,,0,0,0,0.0,0,0.0,0,0,0.0,0
1072,baseline,strict,0.75,9,19,19,0,125,125,0,0.0,0.0,0.8680555555555556,,,,0,0,0,0.0,0,0.0,0,0,0.0,0
1073,baseline,strict,0.6666666666666666,8,10,10,0,134,134,0,0.0,0.0,0.9305555555555556,,,,0,0,0,0.0,0,0.0,0,0,0.0,0
1074,baseline,strict,0.6666666666666666,8,15,15,0,129,129,0,0.0,0.0,0.8958333333333334,,,,0,0,0,0.0,0,0.0,0,0,0.0,0
1075,baseline,strict,0.5833333333333334,7,12,12,0,132,132,0,0.0,0.0,0.9166666666666666,,,,0,0,0,0.0,0,0.0,0,0,0.0,0
1076,baseline,strict,0.8333333333333334,10,19,19,0,125,125,0,0.0,0.0,0.8680555555555556,,,,0,0,0,0.0,0,0.0,0,0,0.0,0
1077,baseline,strict,0.5833333333333334,7,9,9,0,135,135,0,0.0,0.0,0.9375,,,,0,0,0,0.0,0,0.0,0,0,0.0,0
1078,baseline,strict,0.8333333333333334,10,23,23,0,121,121,0,0.0,0.0,0.8402777777777778,,,,0,0,0,0.0,0,0.0,0,0,0.0,0
1079,baseline,strict,0.75,9,11,11,0,133,133,0,0.0,0.0,0.9236111111111112,,,,0,0,0,0.0,0,0.0,0,0,0.0,0
1080,baseline,strict,1.0,12,18,18,0,126,126,0,0.0,0.0,0.875,,,,0,0,0,0.0,0,0.0,0,0,0.0,0
1081,baseline,strict,1.0,12,22,22,0,122,122,0,0.0,0.0,0.8472222222222222,,,,0,0,0,0.0,0,0.0,0,0,0.0,0
1082,baseline,strict,0.5833333333333334,7,13,13,0,131,131,0,0.0,0.0,0.9097222222222222,,,,0,0,0,0.0,0,0.0,0,0,0.0,0
1083,baseline,strict,0.9166666666666666,11,18,18,0,126,126,0,0.0,0.0,0.875,,,,0,0,0,0.0,0,0.0,0,0,0.0,0
1084,baseline,strict,0.75,9,19,19,0,125,125,0,0.0,0.0,0.8680555555555556,,,,0,0,0,0.0,0,0.0,0,0,0.0,0
1085,baseline,strict,0.75,9,15,15,0,129,129,0,0.0,0.0,0.8958333333333334,,,,0,0,0,0.0,0,0.0,0,0,0.0,0
1086,baseline,strict,0.6666666666666666,8,16,16,0,128,128,0,0.0,0.0,0.8888888888888888,,,,0,0,0,0.0,0,0.0,0,0,0.0,0
1087,baseline,strict,0.8333333333333334,10,17,17,0,127,127,0,0.0,0.0,0.8819444444444444,,,,0,0,0,0.0,0,0.0,0,0,0.0,0
1088,baseline,strict,0.8333333333333334,10,15,15,0,129,129,0,0.0,0.0,0.8958333333333334,,,,0,0,0,0.0,0,0.0,0,0,0.0,0
1089,baseline,strict,0.6666666666666666,8,11,11,0,133,133,0,0.0,0.0,0.9236111111111112,,,,0,0,0,0.0,0,0.0,0,0,0.0,0
1090,baseline,strict,0.6666666666666666,8,11,11,0,133,133,0,0.0,0.0,0.9236111111111112,,,,0,0,0,0.0,0,0.0,0,0,0.0,0
1091,baseline,strict,0.5833333333333334,7,9,9,0,135,135,0,0.0,0.0,0.9375,,,,0,0,0,0.0,0,0.0,0,0,0.0,0
1092,baseline,strict,0.75,9,17,17,0,127,127,0,0.0,0.0,0.8819444444444444,,,,0,0,0,0.0,0,0.0,0,0,0.0,0
1093,baseline,strict,0.3333333333333333,4,5,5,0,139,139,0,0.0,0.0,0.9652777777777778,,,,0,0,0,0.0,0,0.0,0,0,0.0,0
1094,baseline,strict,0.5,6,10,10,0,134,134,0,0.0,0.0,0.9305555555555556,,,,0,0,0,0.0,0,0.0,0,0,0.0,0
1095,baseline,strict,0.6666666666666666,8,16,16,0,128,128,0,0.0,0.0,0.8888888888888888,,,,0,0,0,0.0,0,0.0,0,0,0.0,0
1096,baseline,strict,0.9166666666666666,11,21,21,0,123,123,0,0.0,0.0,0.8541666666666666,,,,0,0,0,0.0,0,0.0,0,0,0.0,0
1097,baseline,strict,0.4166666666666667,5,6,6,0,138,138,0,0.0,0.0,0.9583333333333334,,,,0,0,0,0.0,0,0.0,0,0,0.0,0
1098,baseline,strict,0.6666666666666666,8,13,13,0,131,131,0,0.0,0.0,0.9097222222222222,,,,0,0,0,0.0,0,0.0,0,0,0.0,0
1099,baseline,strict,0.5833333333333334,7,10,10,0,134,134,0,0.0,0.0,0.9305555555555556,,,,0,0,0,0.0,0,0.0,0,0,0.0,0
1100,peer_audit,strict,0.6666666666666666,8,14,14,0,130,130,0,0.0,0.0,0.9027777777777778,,,,0,0,3,0.07317073170731707,0,0.0,0,0,0.0,0
1101,peer_audit,strict,0.75,9,15,15,0,129,129,0,0.0,0.0,0.8958333333333334,,,,0,0,0,0.0,0,0.0,0,0,0.0,0
1102,peer_audit,strict,0.75,9,23,23,0,121,121,0,0.0,0.0,0.8402777777777778,,,,0,0,3,0.06666666666666667,0,0.0,0,0,0.0,0
1103,peer_audit,strict,0.5,6,8,8,0,136,136,0,0.0,0.0,0.9444444444444444,,,,0,0,1,0.023255813953488372,0,0.0,0,0,0.0,0
1104,peer_audit,strict,0.5,6,9,9,0,135,135,0,0.0,0.0,0.9375,,,,0,0,0,0.0,0,0.0,0,0,0.0,0
1105,peer_audit,strict,0.6666666666666666,8,18,18,0,126,126,0,0.0,0.0,0.875,,,,0,0,1,0.02127659574468085,0,0.0,0,0,0.0,0
1106,peer_audit,strict,0.75,9,12,12,0,132,132,0,0.0,0.0,0.9166666666666666,,,,0,0,0,0.0,0,0.0,0,0,0.0,0
1107,peer_audit,strict,0.6666666666666666,8,13,13,0,131,131,0,0.0,0.0,0.9097222222222222,,,,0,0,2,0.03773584905660377,0,0.0,0,0,0.0,0
1108,peer_audit,strict,0.8333333333333334,10,15,15,0,129,129,0,0.0,0.0,0.8958333333333334,,,,0,0,2,0.0425531914893617,0,0.0,0,0,0.0,0
1109,peer_audit,strict,0.8333333333333334,10,18,18,0,126,126,0,0.0,0.0,0.875,,,,0,0,5,0.09803921568627451,0,0.0,0,0,0.0,0
1110,peer_audit,strict,0.6666666666666666,8,15,15,0,129,129,0,0.0,0.0,0.8958333333333334,,,,0,0,2,0.04081632653061224,0,0.0,0,0,0.0,0
1111,peer_audit,strict,0.9166666666666666,11,20,20,0,124,124,0,0.0,0.0,0.8611111111111112,,,,0,0,2,0.041666666666666664,0,0.0,0,0,0.0,0
1112,peer_audit,strict,0.5,6,9,9,0,135,135,0,0.0,0.0,0.9375,,,,0,0,2,0.0392156862745098,0,0.0,0,0,0.0,0
1113,peer_audit,strict,0.6666666666666666,8,12,12,0,132,132,0,0.0,0.0,0.9166666666666666,,,,0,0,1,0.018867924528301886,0,0.0,0,0,0.0,0
1114,peer_audit,strict,0.8333333333333334,10,19,19,0,125,125,0,0.0,0.0,0.8680555555555556,,,,0,0,0,0.0,0,0.0,0,0,0.0,0
1115,peer_audit,strict,0.8333333333333334,10,20,20,0,124,124,0,0.0,0.0,0.8611111111111112,,,,0,0,2,0.043478260869565216,0,0.0,0,0,0.0,0
1116,peer_audit,strict,0.75,9,18,18,0,126,126,0,0.0,0.0,0.875,,,,0,0,1,0.025,0,0.0,0,0,0.0,0
1117,peer_audit,strict,0.5,6,13,13,0,131,131,0,0.0,0.0,0.9097222222222222,,,,0,0,1,0.02564102564102564,0,0.0,0,0,0.0,0
1118,peer_audit,strict,0.75,9,15,15,0,129,129,0,0.0,0.0,0.8958333333333334,,,,0,0,1,0.024390243902439025,0,0.0,0,0,0.0,0
1119,peer_audit,strict,0.6666666666666666,8,12,12,0,132,132,0,0.0,0.0,0.9166666666666666,,,,0,0,2,0.0425531914893617,0,0.0,0,0,0.0,0
1120,peer_audit,strict,0.75,9,17,17,0,127,127,0,0.0,0.0,0.8819444444444444,,,,0,0,0,0.0,0,0.0,0,0,0.0,0
1121,peer_audit,strict,0.5833333333333334,7,13,13,0,131,131,0,0.0,0.0,0.9097222222222222,,,,0,0,2,0.043478260869565216,0,0.0,0,0,0.0,0
1122,peer_audit,strict,0.5,6,8,8,0,136,136,0,0.0,0.0,0.9444444444444444,,,,0,0,2,0.038461538461538464,0,0.0,0,0,0.0,0
1123,peer_audit,strict,0.6666666666666666,8,10,10,0,134,134,0,0.0,0.0,0.9305555555555556,,,,0,0,3,0.07317073170731707,0,0.0,0,0,0.0,0
1124,peer_audit,strict,0.75,9,19,19,0,125,125,0,0.0,0.0,0.8680555555555556,,,,0,0,4,0.10810810810810811,0,0.0,0,0,0.0,0
1125,peer_audit,strict,0.5833333333333334,7,14,14,0,130,130,0,0.0,0.0,0.9027777777777778,,,,0,0,0,0.0,0,0.0,0,0,0.0,0
1126,peer_audit,strict,0.75,9,14,14,0,130,130,0,0.0,0.0,0.9027777777777778,,,,0,0,5,0.10204081632653061,0,0.0,0,0,0.0,0
1127,peer_audit,strict,0.75,9,16,16,0,128,128,0,0.0,0.0,0.8888888888888888,,,,0,0,1,0.02127659574468085,0,0.0,0,0,0.0,0
1128,peer_audit,strict,0.75,9,16,16,0,128,128,0,0.0,0.0,0.8888888888888888,,,,0,0,1,0.023255813953488372,0,0.0,0,0,0.0,0
1129,peer_audit,strict,0.6666666666666666,8,12,12,0,132,132,0,0.0,0.0,0.9166666666666666,,,,0,0,4,0.06779661016949153,0,0.0,0,0,0.0,0
1130,peer_audit,strict,0.5833333333333334,7,12,12,0,132,132,0,0.0,0.0,0.9166666666666666,,,,0,0,2,0.043478260869565216,0,0.0,0,0,0.0,0
1131,peer_audit,strict,0.5833333333333334,7,10,10,0,134,134,0,0.0,0.0,0.9305555555555556,,,,0,0,5,0.11363636363636363,0,0.0,0,0,0.0,0
1132,peer_audit,strict,0.6666666666666666,8,16,16,0,128,128,0,0.0,0.0,0.8888888888888888,,,,0,0,1,0.021739130434782608,0,0.0,0,0,0.0,0
1133,peer_audit,strict,0.6666666666666666,8,14,14,0,130,130,0,0.0,0.0,0.9027777777777778,,,,0,0,2,0.047619047619047616,0,0.0,0,0,0.0,0
1134,peer_audit,strict,0.8333333333333334,10,16,16,0,128,128,0,0.0,0.0,0.8888888888888888,,,,0,0,3,0.06818181818181818,0,0.0,0,0,0.0,0
1135,peer_audit,strict,0.5,6,14,14,0,130,130,0,0.0,0.0,0.9027777777777778,,,,0,0,0,0.0,0,0.0,0,0,0.0,0
1136,peer_audit,strict,0.4166666666666667,5,9,9,0,135,135,0,0.0,0.0,0.9375,,,,0,0,1,0.020833333333333332,0,0.0,0,0,0.0,0
1137,peer_audit,strict,0.6666666666666666,8,12,12,0,132,132,0,0.0,0.0,0.9166666666666666,,,,0,0,3,0.07894736842105263,0,0.0,0,0,0.0,0
1138,peer_audit,strict,0.75,9,15,15,0,129,129,0,0.0,0.0,0.8958333333333334,,,,0,0,1,0.023255813953488372,0,0.0,0,0,0.0,0
1139,peer_audit,strict,0.6666666666666666,8,18,18,0,126,126,0,0.0,0.0,0.875,,,,0,0,3,0.06818181818181818,0,0.0,0,0,0.0,0
1140,peer_audit,strict,0.9166666666666666,11,24,24,0,120,120,0,0.0,0.0,0.8333333333333334,,,,0,0,1,0.020833333333333332,0,0.0,0,0,0.0,0
1141,peer_audit,strict,0.75,9,13,13,0,131,131,0,0.0,0.0,0.9097222222222222,,,,0,0,2,0.04081632653061224,0,0.0,0,0,0.0,0
1142,peer_audit,strict,0.8333333333333334,10,12,12,0,132,132,0,0.0,0.0,0.9166666666666666,,,,0,0,2,0.04,0,0.0,0,0,0.0,0
1143,peer_audit,strict,0.75,9,17,17,0,127,127,0,0.0,0.0,0.8819444444444444,,,,0,0,2,0.046511627906976744,0,0.0,0,0,0.0,0
1144,peer_audit,strict,0.5833333333333334,7,8,8,0,136,136,0,0.0,0.0,0.9444444444444444,,,,0,0,2,0.045454545454545456,0,0.0,0,0,0.0,0
1145,peer_audit,strict,0.8333333333333334,10,15,15,0,129,129,0,0.0,0.0,0.8958333333333334,,,,0,0,0,0.0,0,0.0,0,0,0.0,0
1146,peer_audit,strict,0.75,9,19,19,0,125,125,0,0.0,0.0,0.8680555555555556,,,,0,0,3,0.07692307692307693,0,0.0,0,0,0.0,0
1147,peer_audit,strict,0.6666666666666666,8,8,8,0,136,136,0,0.0,0.0,0.9444444444444444,,,,0,0,3,0.07142857142857142,0,0.0,0,0,0.0,0
1148,peer_audit,strict,0.8333333333333334,10,23,23,0,121,121,0,0.0,0.0,0.8402777777777778,,,,0,0,3,0.05660377358490566,0,0.0,0,0,0.0,0
1149,peer_audit,strict,0.6666666666666666,8,13,13,0,131,131,0,0.0,0.0,0.9097222222222222,,,,0,0,3,0.05660377358490566,0,0.0,0,0,0.0,0
1150,peer_audit,strict,0.75,9,15,15,0,129,129,0,0.0,0.0,0.8958333333333334,,,,0,0,0,0.0,0,0.0,0,0,0.0,0
1151,peer_audit,strict,0.9166666666666666,11,25,25,0,119,119,0,0.0,0.0,0.8263888888888888,,,,0,0,3,0.06818181818181818,0,0.0,0,0,0.0,0
1152,peer_audit,strict,0.5833333333333334,7,13,13,0,131,131,0,0.0,0.0,0.9097222222222222,,,,0,0,2,0.043478260869565216,0,0.0,0,0,0.0,0
1153,peer_audit,strict,0.4166666666666667,5,8,8,0,136,136,0,0.0,0.0,0.9444444444444444,,,,0,0,0,0.0,0,0.0,0,0,0.0,0
1154,peer_audit,strict,0.5833333333333334,7,12,12,0,132,132,0,0.0,0.0,0.9166666666666666,,,,0,0,3,0.06976744186046512,0,0.0,0,0,0.0,0
1155,peer_audit,strict,0.6666666666666666,8,17,17,0,127,127,0,0.0,0.0,0.8819444444444444,,,,0,0,0,0.0,0,0.0,0,0,0.0,0
1156,peer_audit,strict,0.6666666666666666,8,14,14,0,130,130,0,0.0,0.0,0.9027777777777778,,,,0,0,4,0.08695652173913043,0,0.0,0,0,0.0,0
1157,peer_audit,strict,0.6666666666666666,8,15,15,0,129,129,0,0.0,0.0,0.8958333333333334,,,,0,0,0,0.0,0,0.0,0,0,0.0,0
1158,peer_audit,strict,0.9166666666666666,11,21,21,0,123,123,0,0.0,0.0,0.8541666666666666,,,,0,0,0,0.0,0,0.0,0,0,0.0,0
1159,peer_audit,strict,0.6666666666666666,8,19,19,0,125,125,0,0.0,0.0,0.8680555555555556,,,,0,0,2,0.0425531914893617,0,0.0,0,0,0.0,0
1160,peer_audit,strict,0.6666666666666666,8,12,12,0,132,132,0,0.0,0.0,0.9166666666666666,,,,0,0,6,0.10909090909090909,0,0.0,0,0,0.0,0
1161,peer_audit,strict,0.5,6,8,8,0,136,136,0,0.0,0.0,0.9444444444444444,,,,0,0,3,0.06976744186046512,0,0.0,0,0,0.0,0
1162,peer_audit,strict,0.5833333333333334,7,15,15,0,129,129,0,0.0,0.0,0.8958333333333334,,,,0,0,0,0.0,0,0.0,0,0,0.0,0
1163,peer_audit,strict,0.6666666666666666,8,17,17,0,127,127,0,0.0,0.0,0.8819444444444444,,,,0,0,0,0.0,0,0.0,0,0,0.0,0
1164,peer_audit,strict,0.9166666666666666,11,18,18,0,126,126,0,0.0,0.0,0.875,,,,0,0,2,0.05128205128205128,0,0.0,0,0,0.0,0
1165,peer_audit,strict,0.75,9,15,15,0,129,129,0,0.0,0.0,0.8958333333333334,,,,0,0,1,0.017857142857142856,0,0.0,0,0,0.0,0
1166,peer_audit,strict,0.6666666666666666,8,15,15,0,129,129,0,0.0,0.0,0.8958333333333334,,,,0,0,3,0.0625,0,0.0,0,0,0.0,0
1167,peer_audit,strict,1.0,12,26,26,0,118,118,0,0.0,0.0,0.8194444444444444,,,,0,0,3,0.07142857142857142,0,0.0,0,0,0.0,0
1168,peer_audit,strict,0.75,9,16,16,0,128,128,0,0.0,0.0,0.8888888888888888,,,,0,0,3,0.06521739130434782,0,0.0,0,0,0.0,0
1169,peer_audit,strict,0.9166666666666666,11,19,19,0,125,125,0,0.0,0.0,0.8680555555555556,,,,0,0,2,0.04081632653061224,0,0.0,0,0,0.0,0
1170,peer_audit,strict,0.5833333333333334,7,15,15,0,129,129,0,0.0,0.0,0.8958333333333334,,,,0,0,2,0.05,0,0.0,0,0,0.0,0
1171,peer_audit,strict,0.5,6,14,14,0,130,130,0,0.0,0.0,0.9027777777777778,,,,0,0,4,0.08163265306122448,0,0.0,0,0,0.0,0
1172,peer_audit,strict,0.75,9,23,23,0,121,121,0,0.0,0.0,0.8402777777777778,,,,0,0,3,0.08571428571428572,0,0.0,0,0,0.0,0
1173,peer_audit,strict,0.75,9,13,13,0,131,131,0,0.0,0.0,0.9097222222222222,,,,0,0,2,0.05405405405405406,0,0.0,0,0,0.0,0
1174,peer_audit,strict,0.75,9,16,16,0,128,128,0,0.0,0.0,0.8888888888888888,,,,0,0,0,0.0,0,0.0,0,0,0.0,0
1175,peer_audit,strict,0.6666666666666666,8,11,11,0,133,133,0,0.0,0.0,0.9236111111111112,,,,0,0,1,0.020833333333333332,0,0.0,0,0,0.0,0
1176,peer_audit,strict,0.8333333333333334,10,18,18,0,126,126,0,0.0,0.0,0.875,,,,0,0,2,0.05,0,0.0,0,0,0.0,0
1177,peer_audit,strict,0.9166666666666666,11,19,19,0,125,125,0,0.0,0.0,0.8680555555555556,,,,0,0,5,0.09803921568627451,0,0.0,0,0,0.0,0
1178,peer_audit,strict,0.9166666666666666,11,16,16,0,128,128,0,0.0,0.0,0.8888888888888888,,,,0,0,3,0.075,0,0.0,0,0,0.0,0
1179,peer_audit,strict,0.6666666666666666,8,11,11,0,133,133,0,0.0,0.0,0.9236111111111112,,,,0,0,7,0.14583333333333334,0,0.0,0,0,0.0,0
1180,peer_audit,strict,0.5833333333333334,7,10,10,0,134,134,0,0.0,0.0,0.9305555555555556,,,,0,0,0,0.0,0,0.0,0,0,0.0,0
1181,peer_audit,strict,0.75,9,16,16,0,128,128,0,0.0,0.0,0.8888888888888888,,,,0,0,4,0.08695652173913043,0,0.0,0,0,0.0,0
1182,peer_audit,strict,0.75,9,15,15,0,129,129,0,0.0,0.0,0.8958333333333334,,,,0,0,1,0.018867924528301886,0,0.0,0,0,0.0,0
1183,peer_audit,strict,0.5833333333333334,7,13,13,0,131,131,0,0.0,0.0,0.9097222222222222,,,,0,0,3,0.0625,0,0.0,0,0,0.0,0
1184,peer_audit,strict,0.5,6,9,9,0,135,135,0,0.0,0.0,0.9375,,,,0,0,1,0.0196078431372549,0,0.0,0,0,0.0,0
1185,peer_audit,strict,0.8333333333333334,10,20,20,0,124,124,0,0.0,0.0,0.8611111111111112,,,,0,0,2,0.046511627906976744,0,0.0,0,0,0.0,0
1186,peer_audit,strict,0.75,9,18,18,0,126,126,0,0.0,0.0,0.875,,,,0,0,0,0.0,0,0.0,0,0,0.0,0
1187,peer_audit,strict,0.75,9,15,15,0,129,129,0,0.0,0.0,0.8958333333333334,,,,0,0,4,0.09302325581395349,0,0.0,0,0,0.0,0
1188,peer_audit,strict,0.6666666666666666,8,17,17,0,127,127,0,0.0,0.0,0.8819444444444444,,,,0,0,1,0.025,0,0.0,0,0,0.0,0
1189,peer_audit,strict,0.75,9,19,19,0,125,125,0,0.0,0.0,0.8680555555555556,,,,0,0,1,0.021739130434782608,0,0.0,0,0,0.0,0
1190,peer_audit,strict,0.75,9,13,13,0,131,131,0,0.0,0.0,0.9097222222222222,,,,0,0,2,0.044444444444444446,0,0.0,0,0,0.0,0
1191,peer_audit,strict,0.5833333333333334,7,9,9,0,135,135,0,0.0,0.0,0.9375,,,,0,0,2,0.0392156862745098,0,0.0,0,0,0.0,0
1192,peer_audit,strict,0.75,9,16,16,0,128,128,0,0.0,0.0,0.8888888888888888,,,,0,0,1,0.02702702702702703,0,0.0,0,0,0.0,0
1193,peer_audit,strict,0.8333333333333334,10,23,23,0,121,121,0,0.0,0.0,0.8402777777777778,,,,0,0,3,0.057692307692307696,0,0.0,0,0,0.0,0
1194,peer_audit,strict,0.75,9,13,13,0,131,131,0,0.0,0.0,0.9097222222222222,,,,0,0,3,0.05660377358490566,0,0.0,0,0,0.0,0
1195,peer_audit,strict,0.8333333333333334,10,21,21,0,123,123,0,0.0,0.0,0.8541666666666666,,,,0,0,2,0.06451612903225806,0,0.0,0,0,0.0,0
1196,peer_audit,strict,0.5,6,11,11,0,133,133,0,0.0,0.0,0.9236111111111112,,,,0,0,1,0.020833333333333332,0,0.0,0,0,0.0,0
1197,peer_audit,strict,0.9166666666666666,11,18,18,0,126,126,0,0.0,0.0,0.875,,,,0,0,3,0.08823529411764706,0,0.0,0,0,0.0,0
1198,peer_audit,strict,0.8333333333333334,10,16,16,0,128,128,0,0.0,0.0,0.8888888888888888,,,,0,0,4,0.08695652173913043,0,0.0,0,0,0.0,0
1199,peer_audit,strict,0.8333333333333334,10,17,17,0,127,127,0,0.0,0.0,0.8819444444444444,,,,0,0,2,0.0425531914893617,0,0.0,0,0,0.0,0
1200,audit_quarantine,strict,0.6666666666666666,8,13,13,0,131,131,0,0.0,0.0,0.9097222222222222,,,,0,0,3,0.058823529411764705,0,0.0,0,0,0.0,0
1201,audit_quarantine,strict,0.6666666666666666,8,18,18,0,126,126,0,0.0,0.0,0.875,,,,0,0,0,0.0,0,0.0,0,0,0.0,0
1202,audit_quarantine,strict,0.3333333333333333,4,5,5,0,139,139,0,0.0,0.0,0.9652777777777778,,,,0,0,2,0.04081632653061224,0,0.0,0,0,0.0,0
1203,audit_quarantine,strict,0.9166666666666666,11,18,18,0,126,126,0,0.0,0.0,0.875,,,,0,0,2,0.046511627906976744,0,0.0,0,0,0.0,0
1204,audit_quarantine,strict,0.75,9,10,10,0,134,134,0,0.0,0.0,0.9305555555555556,,,,0,0,1,0.022727272727272728,0,0.0,0,0,0.0,0
1205,audit_quarantine,strict,0.5,6,10,10,0,134,134,0,0.0,0.0,0.9305555555555556,,,,0,0,1,0.01639344262295082,0,0.0,0,0,0.0,0
1206,audit_quarantine,strict,0.6666666666666666,8,15,15,0,129,129,0,0.0,0.0,0.8958333333333334,,,,0,0,2,0.037037037037037035,0,0.0,0,0,0.0,0
1207,audit_quarantine,strict,0.5,6,10,10,0,134,134,0,0.0,0.0,0.9305555555555556,,,,0,0,1,0.025,0,0.0,0,0,0.0,0
1208,audit_quarantine,strict,0.5,6,14,14,0,130,130,0,0.0,0.0,0.9027777777777778,,,,0,0,0,0.0,0,0.0,0,0,0.0,0
1209,audit_quarantine,strict,0.75,9,20,20,0,124,124,0,0.0,0.0,0.8611111111111112,,,,0,0,0,0.0,0,0.0,0,0,0.0,0
1210,audit_quarantine,strict,0.5,6,12,12,0,132,132,0,0.0,0.0,0.9166666666666666,,,,0,0,1,0.02127659574468085,0,0.0,0,0,0.0,0
1211,audit_quarantine,strict,0.6666666666666666,8,12,12,0,132,132,0,0.0,0.0,0.9166666666666666,,,,0,0,2,0.04081632653061224,0,0.0,0,0,0.0,0
1212,audit_quarantine,strict,0.5833333333333334,7,12,12,0,132,132,0,0.0,0.0,0.9166666666666666,,,,0,0,2,0.05714285714285714,0,0.0,0,0,0.0,0
1213,audit_quarantine,strict,0.8333333333333334,10,19,19,0,125,125,0,0.0,0.0,0.8680555555555556,,,,0,0,3,0.07894736842105263,0,0.0,0,0,0.0,0
1214,audit_quarantine,strict,0.5833333333333334,7,12,12,0,132,132,0,0.0,0.0,0.9166666666666666,,,,0,0,2,0.04,0,0.0,0,0,0.0,0
1215,audit_quarantine,strict,0.9166666666666666,11,14,14,0,130,130,0,0.0,0.0,0.9027777777777778,,,,0,0,3,0.06818181818181818,0,0.0,0,0,0.0,0
1216,audit_quarantine,strict,0.5,6,15,15,0,129,129,0,0.0,0.0,0.8958333333333334,,,,0,0,4,0.07142857142857142,0,0.0,0,0,0.0,0
1217,audit_quarantine,strict,0.8333333333333334,10,15,15,0,129,129,0,0.0,0.0,0.8958333333333334,,,,0,0,5,0.10204081632653061,0,0.0,0,0,0.0,0
1218,audit_quarantine,strict,0.8333333333333334,10,19,19,0,125,125,0,0.0,0.0,0.8680555555555556,,,,0,0,2,0.043478260869565216,0,0.0,0,0,0.0,0
1219,audit_quarantine,strict,0.6666666666666666,8,15,15,0,129,129,0,0.0,0.0,0.8958333333333334,,,,0,0,2,0.05555555555555555,0,0.0,0,0,0.0,0
1220,audit_quarantine,strict,0.6666666666666666,8,15,15,0,129,129,0,0.0,0.0,0.8958333333333334,,,,0,0,4,0.08,0,0.0,0,0,0.0,0
1221,audit_quarantine,strict,0.8333333333333334,10,17,17,0,127,127,0,0.0,0.0,0.8819444444444444,,,,0,0,0,0.0,0,0.0,0,0,0.0,0
1222,audit_quarantine,strict,0.6666666666666666,8,14,14,0,130,130,0,0.0,0.0,0.9027777777777778,,,,0,0,2,0.044444444444444446,0,0.0,0,0,0.0,0
1223,audit_quarantine,strict,0.8333333333333334,10,14,14,0,130,130,0,0.0,0.0,0.9027777777777778,,,,0,0,1,0.024390243902439025,0,0.0,0,0,0.0,0
1224,audit_quarantine,strict,0.6666666666666666,8,13,13,0,131,131,0,0.0,0.0,0.9097222222222222,,,,0,0,1,0.025,0,0.0,0,0,0.0,0
1225,audit_quarantine,strict,0.9166666666666666,11,20,20,0,124,124,0,0.0,0.0,0.8611111111111112,,,,0,0,1,0.023809523809523808,0,0.0,0,0,0.0,0
1226,audit_quarantine,strict,0.6666666666666666,8,14,14,0,130,130,0,0.0,0.0,0.9027777777777778,,,,0,0,1,0.025,0,0.0,0,0,0.0,0
1227,audit_quarantine,strict,0.75,9,17,17,0,127,127,0,0.0,0.0,0.8819444444444444,,,,0,0,3,0.075,0,0.0,0,0,0.0,0
1228,audit_quarantine,strict,0.6666666666666666,8,16,16,0,128,128,0,0.0,0.0,0.8888888888888888,,,,0,0,1,0.027777777777777776,0,0.0,0,0,0.0,0
1229,audit_quarantine,strict,0.4166666666666667,5,10,10,0,134,134,0,0.0,0.0,0.9305555555555556,,,,0,0,1,0.021739130434782608,0,0.0,0,0,0.0,0
1230,audit_quarantine,strict,0.6666666666666666,8,14,14,0,130,130,0,0.0,0.0,0.9027777777777778,,,,0,0,0,0.0,0,0.0,0,0,0.0,0
1231,audit_quarantine,strict,0.8333333333333334,10,19,19,0,125,125,0,0.0,0.0,0.8680555555555556,,,,0,0,2,0.047619047619047616,0,0.0,0,0,0.0,0
1232,audit_quarantine,strict,0.8333333333333334,10,14,14,0,130,130,0,0.0,0.0,0.9027777777777778,,,,0,0,3,0.06,0,0.0,0,0,0.0,0
1233,audit_quarantine,strict,0.75,9,16,16,0,128,128,0,0.0,0.0,0.8888888888888888,,,,0,0,1,0.0196078431372549,0,0.0,0,0,0.0,0
1234,audit_quarantine,strict,0.3333333333333333,4,7,7,0,137,137,0,0.0,0.0,0.9513888888888888,,,,0,0,3,0.06382978723404255,0,0.0,0,0,0.0,0
1235,audit_quarantine,strict,0.5,6,10,10,0,134,134,0,0.0,0.0,0.9305555555555556,,,,0,0,1,0.02040816326530612,0,0.0,0,0,0.0,0
1236,audit_quarantine,strict,0.5,6,10,10,0,134,134,0,0.0,0.0,0.9305555555555556,,,,0,0,1,0.024390243902439025,0,0.0,0,0,0.0,0
1237,audit_quarantine,strict,0.75,9,18,18,0,126,126,0,0.0,0.0,0.875,,,,0,0,4,0.1111111111111111,0,0.0,0,0,0.0,0
1238,audit_quarantine,strict,0.6666666666666666,8,15,15,0,129,129,0,0.0,0.0,0.8958333333333334,,,,0,0,0,0.0,0,0.0,0,0,0.0,0
1239,audit_quarantine,strict,0.6666666666666666,8,12,12,0,132,132,0,0.0,0.0,0.9166666666666666,,,,0,0,2,0.04878048780487805,0,0.0,0,0,0.0,0
1240,audit_quarantine,strict,0.75,9,12,12,0,132,132,0,0.0,0.0,0.9166666666666666,,,,0,0,2,0.044444444444444446,0,0.0,0,0,0.0,0
1241,audit_quarantine,strict,0.75,9,19,19,0,125,125,0,0.0,0.0,0.8680555555555556,,,,0,0,4,0.08695652173913043,0,0.0,0,0,0.0,0
1242,audit_quarantine,strict,0.75,9,18,18,0,126,126,0,0.0,0.0,0.875,,,,0,0,4,0.09302325581395349,0,0.0,0,0,0.0,0
1243,audit_quarantine,strict,0.3333333333333333,4,6,6,0,138,138,0,0.0,0.0,0.9583333333333334,,,,0,0,0,0.0,0,0.0,0,0,0.0,0
1244,audit_quarantine,strict,0.6666666666666666,8,14,14,0,130,130,0,0.0,0.0,0.9027777777777778,,,,0,0,2,0.0425531914893617,0,0.0,0,0,0.0,0
1245,audit_quarantine,strict,0.6666666666666666,8,13,13,0,131,131,0,0.0,0.0,0.9097222222222222,,,,0,0,1,0.02040816326530612,0,0.0,0,0,0.0,0
1246,audit_quarantine,strict,0.75,9,15,15,0,129,129,0,0.0,0.0,0.8958333333333334,,,,0,0,1,0.025,0,0.0,0,0,0.0,0
1247,audit_quarantine,strict,0.5833333333333334,7,15,15,0,129,129,0,0.0,0.0,0.8958333333333334,,,,0,0,3,0.06976744186046512,0,0.0,0,0,0.0,0
1248,audit_quarantine,strict,0.75,9,12,12,0,132,132,0,0.0,0.0,0.9166666666666666,,,,0,0,2,0.045454545454545456,0,0.0,0,0,0.0,0
1249,audit_quarantine,strict,0.75,9,17,17,0,127,127,0,0.0,0.0,0.8819444444444444,,,,0,0,3,0.06521739130434782,0,0.0,0,0,0.0,0
1250,audit_quarantine,strict,0.5833333333333334,7,11,11,0,133,133,0,0.0,0.0,0.9236111111111112,,,,0,0,2,0.041666666666666664,0,0.0,0,0,0.0,0
1251,audit_quarantine,strict,0.5,6,16,16,0,128,128,0,0.0,0.0,0.8888888888888888,,,,0,0,3,0.061224489795918366,0,0.0,0,0,0.0,0
1252,audit_quarantine,strict,0.75,9,14,14,0,130,130,0,0.0,0.0,0.9027777777777778,,,,0,0,2,0.041666666666666664,0,0.0,0,0,0.0,0
1253,audit_quarantine,strict,0.6666666666666666,8,18,18,0,126,126,0,0.0,0.0,0.875,,,,0,0,0,0.0,0,0.0,0,0,0.0,0
1254,audit_quarantine,strict,0.5,6,18,18,0,126,126,0,0.0,0.0,0.875,,,,0,0,3,0.08571428571428572,0,0.0,0,0,0.0,0
1255,audit_quarantine,strict,0.5833333333333334,7,10,10,0,134,134,0,0.0,0.0,0.9305555555555556,,,,0,0,2,0.047619047619047616,0,0.0,0,0,0.0,0
1256,audit_quarantine,strict,0.8333333333333334,10,14,14,0,130,130,0,0.0,0.0,0.9027777777777778,,,,0,0,1,0.018518518518518517,0,0.0,0,0,0.0,0
1257,audit_quarantine,strict,0.5833333333333334,7,10,10,0,134,134,0,0.0,0.0,0.9305555555555556,,,,0,0,3,0.07142857142857142,0,0.0,0,0,0.0,0
1258,audit_quarantine,strict,0.5833333333333334,7,17,17,0,127,127,0,0.0,0.0,0.8819444444444444,,,,0,0,0,0.0,0,0.0,0,0,0.0,0
1259,audit_quarantine,strict,0.75,9,19,19,0,125,125,0,0.0,0.0,0.8680555555555556,,,,0,0,2,0.043478260869565216,0,0.0,0,0,0.0,0
1260,audit_quarantine,strict,0.6666666666666666,8,11,11,0,133,133,0,0.0,0.0,0.9236111111111112,,,,0,0,0,0.0,0,0.0,0,0,0.0,0
1261,audit_quarantine,strict,0.5833333333333334,7,13,13,0,131,131,0,0.0,0.0,0.9097222222222222,,,,0,0,1,0.019230769230769232,0,0.0,0,0,0.0,0
1262,audit_quarantine,strict,0.5833333333333334,7,14,14,0,130,130,0,0.0,0.0,0.9027777777777778,,,,0,0,0,0.0,0,0.0,0,0,0.0,0
1263,audit_quarantine,strict,0.5833333333333334,7,12,12,0,132,132,0,0.0,0.0,0.9166666666666666,,,,0,0,2,0.045454545454545456,0,0.0,0,0,0.0,0
1264,audit_quarantine,strict,0.6666666666666666,8,10,10,0,134,134,0,0.0,0.0,0.9305555555555556,,,,0,0,3,0.06666666666666667,0,0.0,0,0,0.0,0
1265,audit_quarantine,strict,0.9166666666666666,11,14,14,0,130,130,0,0.0,0.0,0.9027777777777778,,,,0,0,1,0.02127659574468085,0,0.0,0,0,0.0,0
1266,audit_quarantine,strict,0.75,9,17,17,0,127,127,0,0.0,0.0,0.8819444444444444,,,,0,0,3,0.058823529411764705,0,0.0,0,0,0.0,0
1267,audit_quarantine,strict,0.6666666666666666,8,15,15,0,129,129,0,0.0,0.0,0.8958333333333334,,,,0,0,3,0.07142857142857142,0,0.0,0,0,0.0,0
1268,audit_quarantine,strict,0.5833333333333334,7,13,13,0,131,131,0,0.0,0.0,0.9097222222222222,,,,0,0,3,0.06521739130434782,0,0.0,0,0,0.0,0
1269,audit_quarantine,strict,0.6666666666666666,8,12,12,0,132,132,0,0.0,0.0,0.9166666666666666,,,,0,0,0,0.0,0,0.0,0,0,0.0,0
1270,audit_quarantine,strict,0.75,9,13,13,0,131,131,0,0.0,0.0,0.9097222222222222,,,,0,0,3,0.07317073170731707,0,0.0,0,0,0.0,0
1271,audit_quarantine,strict,0.75,9,22,22,0,122,122,0,0.0,0.0,0.8472222222222222,,,,0,0,1,0.02127659574468085,0,0.0,0,0,0.0,0
1272,audit_quarantine,strict,0.5833333333333334,7,12,12,0,132,132,0,0.0,0.0,0.9166666666666666,,,,0,0,1,0.023809523809523808,0,0.0,0,0,0.0,0
1273,audit_quarantine,strict,0.8333333333333334,10,20,20,0,124,124,0,0.0,0.0,0.8611111111111112,,,,0,0,1,0.02564102564102564,0,0.0,0,0,0.0,0
1274,audit_quarantine,strict,0.75,9,17,17,0,127,127,0,0.0,0.0,0.8819444444444444,,,,0,0,1,0.021739130434782608,0,0.0,0,0,0.0,0
1275,audit_quarantine,strict,0.8333333333333334,10,15,15,0,129,129,0,0.0,0.0,0.8958333333333334,,,,0,0,0,0.0,0,0.0,0,0,0.0,0
1276,audit_quarantine,strict,0.8333333333333334,10,19,19,0,125,125,0,0.0,0.0,0.8680555555555556,,,,0,0,1,0.024390243902439025,0,0.0,0,0,0.0,0
1277,audit_quarantine,strict,0.8333333333333334,10,14,14,0,130,130,0,0.0,0.0,0.9027777777777778,,,,0,0,3,0.06521739130434782,0,0.0,0,0,0.0,0
1278,audit_quarantine,strict,0.75,9,18,18,0,126,126,0,0.0,0.0,0.875,,,,0,0,1,0.018867924528301886,0,0.0,0,0,0.0,0
1279,audit_quarantine,strict,0.8333333333333334,10,15,15,0,129,129,0,0.0,0.0,0.8958333333333334,,,,0,0,2,0.047619047619047616,0,0.0,0,0,0.0,0
1280,audit_quarantine,strict,0.75,9,11,11,0,133,133,0,0.0,0.0,0.9236111111111112,,,,0,0,0,0.0,0,0.0,0,0,0.0,0
1281,audit_quarantine,strict,0.9166666666666666,11,26,26,0,118,118,0,0.0,0.0,0.8194444444444444,,,,0,0,3,0.075,0,0.0,0,0,0.0,0
1282,audit_quarantine,strict,0.5833333333333334,7,8,8,0,136,136,0,0.0,0.0,0.9444444444444444,,,,0,0,1,0.02,0,0.0,0,0,0.0,0
1283,audit_quarantine,strict,0.8333333333333334,10,18,18,0,126,126,0,0.0,0.0,0.875,,,,0,0,0,0.0,0,0.0,0,0,0.0,0
1284,audit_quarantine,strict,0.6666666666666666,8,10,10,0,134,134,0,0.0,0.0,0.9305555555555556,,,,0,0,0,0.0,0,0.0,0,0,0.0,0
1285,audit_quarantine,strict,0.75,9,17,17,0,127,127,0,0.0,0.0,0.8819444444444444,,,,0,0,1,0.02040816326530612,0,0.0,0,0,0.0,0
1286,audit_quarantine,strict,0.4166666666666667,5,12,12,0,132,132,0,0.0,0.0,0.9166666666666666,,,,0,0,4,0.07272727272727272,0,0.0,0,0,0.0,0
1287,audit_quarantine,strict,0.9166666666666666,11,19,19,0,125,125,0,0.0,0.0,0.8680555555555556,,,,0,0,3,0.06521739130434782,0,0.0,0,0,0.0,0
1288,audit_quarantine,strict,0.6666666666666666,8,11,11,0,133,133,0,0.0,0.0,0.9236111111111112,,,,0,0,1,0.021739130434782608,0,0.0,0,0,0.0,0
1289,audit_quarantine,strict,0.8333333333333334,10,16,16,0,128,128,0,0.0,0.0,0.8888888888888888,,,,0,0,2,0.045454545454545456,0,0.0,0,0,0.0,0
1290,audit_quarantine,strict,0.9166666666666666,11,16,16,0,128,128,0,0.0,0.0,0.8888888888888888,,,,0,0,2,0.05128205128205128,0,0.0,0,0,0.0,0
1291,audit_quarantine,strict,0.4166666666666667,5,7,7,0,137,137,0,0.0,0.0,0.9513888888888888,,,,0,0,1,0.0196078431372549,0,0.0,0,0,0.0,0
1292,audit_quarantine,strict,0.5833333333333334,7,15,15,0,129,129,0,0.0,0.0,0.8958333333333334,,,,0,0,1,0.022727272727272728,0,0.0,0,0,0.0,0
1293,audit_quarantine,strict,0.6666666666666666,8,12,12,0,132,132,0,0.0,0.0,0.9166666666666666,,,,0,0,2,0.0392156862745098,0,0.0,0,0,0.0,0
1294,audit_quarantine,strict,0.6666666666666666,8,10,10,0,134,134,0,0.0,0.0,0.9305555555555556,,,,0,0,3,0.05172413793103448,0,0.0,0,0,0.0,0
1295,audit_quarantine,strict,0.8333333333333334,10,15,15,0,129,129,0,0.0,0.0,0.8958333333333334,,,,0,0,4,0.08888888888888889,0,0.0,0,0,0.0,0
1296,audit_quarantine,strict,0.5,6,11,11,0,133,133,0,0.0,0.0,0.9236111111111112,,,,0,0,1,0.022727272727272728,0,0.0,0,0,0.0,0
1297,audit_quarantine,strict,0.6666666666666666,8,13,13,0,131,131,0,0.0,0.0,0.9097222222222222,,,,0,0,2,0.044444444444444446,0,0.0,0,0,0.0,0
1298,audit_quarantine,strict,0.9166666666666666,11,20,20,0,124,124,0,0.0,0.0,0.8611111111111112,,,,0,0,4,0.09090909090909091,0,0.0,0,0,0.0,0
1299,audit_quarantine,strict,0.9166666666666666,11,16,16,0,128,128,0,0.0,0.0,0.8888888888888888,,,,0,0,4,0.0975609756097561,0,0.0,0,0,0.0,0
1300,audit_quarantine_recovery,strict,0.5,6,10,10,0,134,134,0,0.0,0.0,0.9305555555555556,,,,0,0,1,0.02702702702702703,0,0.0,0,0,0.0,0
1301,audit_quarantine_recovery,strict,0.6666666666666666,8,9,9,0,135,135,0,0.0,0.0,0.9375,,,,0,0,4,0.09090909090909091,0,0.0,0,0,0.0,0
1302,audit_quarantine_recovery,strict,0.9166666666666666,11,16,16,0,128,128,0,0.0,0.0,0.8888888888888888,,,,0,0,2,0.04,0,0.0,0,0,0.0,0
1303,audit_quarantine_recovery,strict,0.8333333333333334,10,14,14,0,130,130,0,0.0,0.0,0.9027777777777778,,,,0,0,2,0.047619047619047616,0,0.0,0,0,0.0,0
1304,audit_quarantine_recovery,strict,0.5833333333333334,7,10,10,0,134,134,0,0.0,0.0,0.9305555555555556,,,,0,0,2,0.04878048780487805,0,0.0,0,0,0.0,0
1305,audit_quarantine_recovery,strict,0.8333333333333334,10,18,18,0,126,126,0,0.0,0.0,0.875,,,,0,0,0,0.0,0,0.0,0,0,0.0,0
1306,audit_quarantine_recovery,strict,0.6666666666666666,8,15,15,0,129,129,0,0.0,0.0,0.8958333333333334,,,,0,0,1,0.029411764705882353,0,0.0,0,0,0.0,0
1307,audit_quarantine_recovery,strict,0.5833333333333334,7,14,14,0,130,130,0,0.0,0.0,0.9027777777777778,,,,0,0,3,0.06521739130434782,0,0.0,0,0,0.0,0
1308,audit_quarantine_recovery,strict,0.75,9,15,15,0,129,129,0,0.0,0.0,0.8958333333333334,,,,0,0,2,0.05405405405405406,0,0.0,0,0,0.0,0
1309,audit_quarantine_recovery,strict,0.6666666666666666,8,13,13,0,131,131,0,0.0,0.0,0.9097222222222222,,,,0,0,0,0.0,0,0.0,0,0,0.0,0
1310,audit_quarantine_recovery,strict,0.5833333333333334,7,12,12,0,132,132,0,0.0,0.0,0.9166666666666666,,,,0,0,3,0.07142857142857142,0,0.0,0,0,0.0,0
1311,audit_quarantine_recovery,strict,0.5833333333333334,7,12,12,0,132,132,0,0.0,0.0,0.9166666666666666,,,,0,0,4,0.08333333333333333,0,0.0,0,0,0.0,0
1312,audit_quarantine_recovery,strict,0.75,9,17,17,0,127,127,0,0.0,0.0,0.8819444444444444,,,,0,0,3,0.07894736842105263,0,0.0,0,0,0.0,0
1313,audit_quarantine_recovery,strict,0.6666666666666666,8,21,21,0,123,123,0,0.0,0.0,0.8541666666666666,,,,0,0,3,0.07317073170731707,0,0.0,0,0,0.0,0
1314,audit_quarantine_recovery,strict,0.5833333333333334,7,9,9,0,135,135,0,0.0,0.0,0.9375,,,,0,0,3,0.06,0,0.0,0,0,0.0,0
1315,audit_quarantine_recovery,strict,0.5,6,13,13,0,131,131,0,0.0,0.0,0.9097222222222222,,,,0,0,2,0.05714285714285714,0,0.0,0,0,0.0,0
1316,audit_quarantine_recovery,strict,0.5833333333333334,7,17,17,0,127,127,0,0.0,0.0,0.8819444444444444,,,,0,0,1,0.021739130434782608,0,0.0,0,0,0.0,0
1317,audit_quarantine_recovery,strict,0.75,9,17,17,0,127,127,0,0.0,0.0,0.8819444444444444,,,,0,0,2,0.05714285714285714,0,0.0,0,0,0.0,0
1318,audit_quarantine_recovery,strict,0.75,9,18,18,0,126,126,0,0.0,0.0,0.875,,,,0,0,2,0.0425531914893617,0,0.0,0,0,0.0,0
1319,audit_quarantine_recovery,strict,0.75,9,12,12,0,132,132,0,0.0,0.0,0.9166666666666666,,,,0,0,2,0.046511627906976744,0,0.0,0,0,0.0,0
1320,audit_quarantine_recovery,strict,0.6666666666666666,8,15,15,0,129,129,0,0.0,0.0,0.8958333333333334,,,,0,0,0,0.0,0,0.0,0,0,0.0,0
1321,audit_quarantine_recovery,strict,0.75,9,19,19,0,125,125,0,0.0,0.0,0.8680555555555556,,,,0,0,2,0.043478260869565216,0,0.0,0,0,0.0,0
1322,audit_quarantine_recovery,strict,0.6666666666666666,8,12,12,0,132,132,0,0.0,0.0,0.9166666666666666,,,,0,0,4,0.07407407407407407,0,0.0,0,0,0.0,0
1323,audit_quarantine_recovery,strict,0.8333333333333334,10,18,18,0,126,126,0,0.0,0.0,0.875,,,,0,0,2,0.0425531914893617,0,0.0,0,0,0.0,0
1324,audit_quarantine_recovery,strict,0.6666666666666666,8,16,16,0,128,128,0,0.0,0.0,0.8888888888888888,,,,0,0,1,0.023255813953488372,0,0.0,0,0,0.0,0
1325,audit_quarantine_recovery,strict,0.9166666666666666,11,22,22,0,122,122,0,0.0,0.0,0.8472222222222222,,,,0,0,2,0.044444444444444446,0,0.0,0,0,0.0,0
1326,audit_quarantine_recovery,strict,0.5833333333333334,7,13,13,0,131,131,0,0.0,0.0,0.9097222222222222,,,,0,0,0,0.0,0,0.0,0,0,0.0,0
1327,audit_quarantine_recovery,strict,0.5833333333333334,7,14,14,0,130,130,0,0.0,0.0,0.9027777777777778,,,,0,0,5,0.10204081632653061,0,0.0,0,0,0.0,0
1328,audit_quarantine_recovery,strict,0.8333333333333334,10,16,16,0,128,128,0,0.0,0.0,0.8888888888888888,,,,0,0,4,0.0851063829787234,0,0.0,0,0,0.0,0
1329,audit_quarantine_recovery,strict,1.0,12,20,20,0,124,124,0,0.0,0.0,0.8611111111111112,,,,0,0,2,0.043478260869565216,0,0.0,0,0,0.0,0
1330,audit_quarantine_recovery,strict,0.9166666666666666,11,19,19,0,125,125,0,0.0,0.0,0.8680555555555556,,,,0,0,2,0.0425531914893617,0,0.0,0,0,0.0,0
1331,audit_quarantine_recovery,strict,0.8333333333333334,10,20,20,0,124,124,0,0.0,0.0,0.8611111111111112,,,,0,0,2,0.045454545454545456,0,0.0,0,0,0.0,0
1332,audit_quarantine_recovery,strict,0.6666666666666666,8,17,17,0,127,127,0,0.0,0.0,0.8819444444444444,,,,0,0,0,0.0,0,0.0,0,0,0.0,0
1333,audit_quarantine_recovery,strict,0.6666666666666666,8,12,12,0,132,132,0,0.0,0.0,0.9166666666666666,,,,0,0,1,0.019230769230769232,0,0.0,0,0,0.0,0
1334,audit_quarantine_recovery,strict,0.6666666666666666,8,12,12,0,132,132,0,0.0,0.0,0.9166666666666666,,,,0,0,2,0.05,0,0.0,0,0,0.0,0
1335,audit_quarantine_recovery,strict,0.4166666666666667,5,8,8,0,136,136,0,0.0,0.0,0.9444444444444444,,,,0,0,3,0.0625,0,0.0,0,0,0.0,0
1336,audit_quarantine_recovery,strict,0.5833333333333334,7,13,13,0,131,131,0,0.0,0.0,0.9097222222222222,,,,0,0,3,0.0625,0,0.0,0,0,0.0,0
1337,audit_quarantine_recovery,strict,0.9166666666666666,11,18,18,0,126,126,0,0.0,0.0,0.875,,,,0,0,1,0.023809523809523808,0,0.0,0,0,0.0,0
1338,audit_quarantine_recovery,strict,0.5833333333333334,7,15,15,0,129,129,0,0.0,0.0,0.8958333333333334,,,,0,0,4,0.08888888888888889,0,0.0,0,0,0.0,0
1339,audit_quarantine_recovery,strict,0.5833333333333334,7,12,12,0,132,132,0,0.0,0.0,0.9166666666666666,,,,0,0,1,0.024390243902439025,0,0.0,0,0,0.0,0
1340,audit_quarantine_recovery,strict,0.8333333333333334,10,22,22,0,122,122,0,0.0,0.0,0.8472222222222222,,,,0,0,4,0.10256410256410256,0,0.0,0,0,0.0,0
1341,audit_quarantine_recovery,strict,0.3333333333333333,4,7,7,0,137,137,0,0.0,0.0,0.9513888888888888,,,,0,0,2,0.0425531914893617,0,0.0,0,0,0.0,0
1342,audit_quarantine_recovery,strict,0.6666666666666666,8,12,12,0,132,132,0,0.0,0.0,0.9166666666666666,,,,0,0,3,0.05454545454545454,0,0.0,0,0,0.0,0
1343,audit_quarantine_recovery,strict,0.6666666666666666,8,12,12,0,132,132,0,0.0,0.0,0.9166666666666666,,,,0,0,2,0.046511627906976744,0,0.0,0,0,0.0,0
1344,audit_quarantine_recovery,strict,0.75,9,23,23,0,121,121,0,0.0,0.0,0.8402777777777778,,,,0,0,2,0.046511627906976744,0,0.0,0,0,0.0,0
1345,audit_quarantine_recovery,strict,0.9166666666666666,11,16,16,0,128,128,0,0.0,0.0,0.8888888888888888,,,,0,0,2,0.04081632653061224,0,0.0,0,0,0.0,0
1346,audit_quarantine_recovery,strict,0.6666666666666666,8,13,13,0,131,131,0,0.0,0.0,0.9097222222222222,,,,0,0,0,0.0,0,0.0,0,0,0.0,0
1347,audit_quarantine_recovery,strict,0.5833333333333334,7,11,11,0,133,133,0,0.0,0.0,0.9236111111111112,,,,0,0,2,0.05,0,0.0,0,0,0.0,0
1348,audit_quarantine_recovery,strict,0.6666666666666666,8,13,13,0,131,131,0,0.0,0.0,0.9097222222222222,,,,0,0,2,0.04,0,0.0,0,0,0.0,0
1349,audit_quarantine_recovery,strict,0.75,9,13,13,0,131,131,0,0.0,0.0,0.9097222222222222,,,,0,0,2,0.044444444444444446,0,0.0,0,0,0.0,0
1350,audit_quarantine_recovery,strict,0.5,6,7,7,0,137,137,0,0.0,0.0,0.9513888888888888,,,,0,0,1,0.021739130434782608,0,0.0,0,0,0.0,0
1351,audit_quarantine_recovery,strict,0.5833333333333334,7,10,10,0,134,134,0,0.0,0.0,0.9305555555555556,,,,0,0,1,0.02127659574468085,0,0.0,0,0,0.0,0
1352,audit_quarantine_recovery,strict,0.75,9,13,13,0,131,131,0,0.0,0.0,0.9097222222222222,,,,0,0,1,0.021739130434782608,0,0.0,0,0,0.0,0
1353,audit_quarantine_recovery,strict,0.5833333333333334,7,12,12,0,132,132,0,0.0,0.0,0.9166666666666666,,,,0,0,0,0.0,0,0.0,0,0,0.0,0
1354,audit_quarantine_recovery,strict,0.8333333333333334,10,19,19,0,125,125,0,0.0,0.0,0.8680555555555556,,,,0,0,1,0.023255813953488372,0,0.0,0,0,0.0,0
1355,audit_quarantine_recovery,strict,0.8333333333333334,10,13,13,0,131,131,0,0.0,0.0,0.9097222222222222,,,,0,0,4,0.08163265306122448,0,0.0,0,0,0.0,0
1356,audit_quarantine_recovery,strict,0.8333333333333334,10,19,19,0,125,125,0,0.0,0.0,0.8680555555555556,,,,0,0,2,0.043478260869565216,0,0.0,0,0,0.0,0
1357,audit_quarantine_recovery,strict,0.75,9,13,13,0,131,131,0,0.0,0.0,0.9097222222222222,,,,0,0,6,0.13953488372093023,0,0.0,0,0,0.0,0
1358,audit_quarantine_recovery,strict,0.8333333333333334,10,20,20,0,124,124,0,0.0,0.0,0.8611111111111112,,,,0,0,0,0.0,0,0.0,0,0,0.0,0
1359,audit_quarantine_recovery,strict,0.5833333333333334,7,12,12,0,132,132,0,0.0,0.0,0.9166666666666666,,,,0,0,1,0.024390243902439025,0,0.0,0,0,0.0,0
1360,audit_quarantine_recovery,strict,0.8333333333333334,10,15,15,0,129,129,0,0.0,0.0,0.8958333333333334,,,,0,0,4,0.1111111111111111,0,0.0,0,0,0.0,0
1361,audit_quarantine_recovery,strict,0.8333333333333334,10,18,18,0,126,126,0,0.0,0.0,0.875,,,,0,0,2,0.046511627906976744,0,0.0,0,0,0.0,0
1362,audit_quarantine_recovery,strict,0.8333333333333334,10,20,20,0,124,124,0,0.0,0.0,0.8611111111111112,,,,0,0,3,0.061224489795918366,0,0.0,0,0,0.0,0
1363,audit_quarantine_recovery,strict,0.5,6,7,7,0,137,137,0,0.0,0.0,0.9513888888888888,,,,0,0,1,0.019230769230769232,0,0.0,0,0,0.0,0
1364,audit_quarantine_recovery,strict,0.25,3,3,3,0,141,141,0,0.0,0.0,0.9791666666666666,,,,0,0,0,0.0,0,0.0,0,0,0.0,0
1365,audit_quarantine_recovery,strict,0.5833333333333334,7,13,13,0,131,131,0,0.0,0.0,0.9097222222222222,,,,0,0,2,0.041666666666666664,0,0.0,0,0,0.0,0
1366,audit_quarantine_recovery,strict,0.5,6,18,18,0,126,126,0,0.0,0.0,0.875,,,,0,0,3,0.06666666666666667,0,0.0,0,0,0.0,0
1367,audit_quarantine_recovery,strict,0.75,9,14,14,0,130,130,0,0.0,0.0,0.9027777777777778,,,,0,0,2,0.041666666666666664,0,0.0,0,0,0.0,0
1368,audit_quarantine_recovery,strict,0.4166666666666667,5,13,13,0,131,131,0,0.0,0.0,0.9097222222222222,,,,0,0,0,0.0,0,0.0,0,0,0.0,0
1369,audit_quarantine_recovery,strict,0.5,6,7,7,0,137,137,0,0.0,0.0,0.9513888888888888,,,,0,0,2,0.05,0,0.0,0,0,0.0,0
1370,audit_quarantine_recovery,strict,0.75,9,12,12,0,132,132,0,0.0,0.0,0.9166666666666666,,,,0,0,3,0.05263157894736842,0,0.0,0,0,0.0,0
1371,audit_quarantine_recovery,strict,0.4166666666666667,5,5,5,0,139,139,0,0.0,0.0,0.9652777777777778,,,,0,0,4,0.0784313725490196,0,0.0,0,0,0.0,0
1372,audit_quarantine_recovery,strict,0.9166666666666666,11,21,21,0,123,123,0,0.0,0.0,0.8541666666666666,,,,0,0,1,0.027777777777777776,0,0.0,0,0,0.0,0
1373,audit_quarantine_recovery,strict,0.8333333333333334,10,13,13,0,131,131,0,0.0,0.0,0.9097222222222222,,,,0,0,2,0.038461538461538464,0,0.0,0,0,0.0,0
1374,audit_quarantine_recovery,strict,0.75,9,13,13,0,131,131,0,0.0,0.0,0.9097222222222222,,,,0,0,4,0.08,0,0.0,0,0,0.0,0
1375,audit_quarantine_recovery,strict,0.6666666666666666,8,9,9,0,135,135,0,0.0,0.0,0.9375,,,,0,0,1,0.024390243902439025,0,0.0,0,0,0.0,0
1376,audit_quarantine_recovery,strict,0.6666666666666666,8,17,17,0,127,127,0,0.0,0.0,0.8819444444444444,,,,0,0,1,0.022727272727272728,0,0.0,0,0,0.0,0
1377,audit_quarantine_recovery,strict,0.8333333333333334,10,19,19,0,125,125,0,0.0,0.0,0.8680555555555556,,,,0,0,4,0.0851063829787234,0,0.0,0,0,0.0,0
1378,audit_quarantine_recovery,strict,0.8333333333333334,10,13,13,0,131,131,0,0.0,0.0,0.9097222222222222,,,,0,0,2,0.05128205128205128,0,0.0,0,0,0.0,0
1379,audit_quarantine_recovery,strict,0.5,6,9,9,0,135,135,0,0.0,0.0,0.9375,,,,0,0,2,0.04081632653061224,0,0.0,0,0,0.0,0
1380,audit_quarantine_recovery,strict,0.8333333333333334,10,18,18,0,126,126,0,0.0,0.0,0.875,,,,0,0,1,0.025,0,0.0,0,0,0.0,0
1381,audit_quarantine_recovery,strict,0.6666666666666666,8,13,13,0,131,131,0,0.0,0.0,0.9097222222222222,,,,0,0,3,0.061224489795918366,0,0.0,0,0,0.0,0
1382,audit_quarantine_recovery,strict,0.75,9,15,15,0,129,129,0,0.0,0.0,0.8958333333333334,,,,0,0,1,0.02564102564102564,0,0.0,0,0,0.0,0
1383,audit_quarantine_recovery,strict,0.5833333333333334,7,11,11,0,133,133,0,0.0,0.0,0.9236111111111112,,,,0,0,5,0.10638297872340426,0,0.0,0,0,0.0,0
1384,audit_quarantine_recovery,strict,0.5,6,11,11,0,133,133,0,0.0,0.0,0.9236111111111112,,,,0,0,2,0.045454545454545456,0,0.0,0,0,0.0,0
1385,audit_quarantine_recovery,strict,0.8333333333333334,10,16,16,0,128,128,0,0.0,0.0,0.8888888888888888,,,,0,0,0,0.0,0,0.0,0,0,0.0,0
1386,audit_quarantine_recovery,strict,0.75,9,15,15,0,129,129,0,0.0,0.0,0.8958333333333334,,,,0,0,0,0.0,0,0.0,0,0,0.0,0
1387,audit_quarantine_recovery,strict,0.75,9,18,18,0,126,126,0,0.0,0.0,0.875,,,,0,0,1,0.02040816326530612,0,0.0,0,0,0.0,0
1388,audit_quarantine_recovery,strict,0.5833333333333334,7,13,13,0,131,131,0,0.0,0.0,0.9097222222222222,,,,0,0,1,0.021739130434782608,0,0.0,0,0,0.0,0
1389,audit_quarantine_recovery,strict,0.5833333333333334,7,12,12,0,132,132,0,0.0,0.0,0.9166666666666666,,,,0,0,2,0.05128205128205128,0,0.0,0,0,0.0,0
1390,audit_quarantine_recovery,strict,0.6666666666666666,8,11,11,0,133,133,0,0.0,0.0,0.9236111111111112,,,,0,0,0,0.0,0,0.0,0,0,0.0,0
1391,audit_quarantine_recovery,strict,0.9166666666666666,11,19,19,0,125,125,0,0.0,0.0,0.8680555555555556,,,,0,0,0,0.0,0,0.0,0,0,0.0,0
1392,audit_quarantine_recovery,strict,0.5,6,9,9,0,135,135,0,0.0,0.0,0.9375,,,,0,0,4,0.0975609756097561,0,0.0,0,0,0.0,0
1393,audit_quarantine_recovery,strict,0.75,9,19,19,0,125,125,0,0.0,0.0,0.8680555555555556,,,,0,0,2,0.045454545454545456,0,0.0,0,0,0.0,0
1394,audit_quarantine_recovery,strict,0.8333333333333334,10,18,18,0,126,126,0,0.0,0.0,0.875,,,,0,0,3,0.06976744186046512,0,0.0,0,0,0.0,0
1395,audit_quarantine_recovery,strict,0.5833333333333334,7,11,11,0,133,133,0,0.0,0.0,0.9236111111111112,,,,0,0,1,0.0196078431372549,0,0.0,0,0,0.0,0
1396,audit_quarantine_recovery,strict,0.9166666666666666,11,25,25,0,119,119,0,0.0,0.0,0.8263888888888888,,,,0,0,0,0.0,0,0.0,0,0,0.0,0
1397,audit_quarantine_recovery,strict,0.5833333333333334,7,14,14,0,130,130,0,0.0,0.0,0.9027777777777778,,,,0,0,1,0.02040816326530612,0,0.0,0,0,0.0,0
1398,audit_quarantine_recovery,strict,0.5833333333333334,7,15,15,0,129,129,0,0.0,0.0,0.8958333333333334,,,,0,0,3,0.07317073170731707,0,0.0,0,0,0.0,0
1399,audit_quarantine_recovery,strict,0.5833333333333334,7,11,11,0,133,133,0,0.0,0.0,0.9236111111111112,,,,0,0,3,0.06382978723404255,0,0.0,0,0,0.0,0
